"idencuesta","c11_w01","c11_w03","c43_w05","c08_02_w01","c08_02_w02","c08_02_w03","c08_02_w04","c08_02_w05","par_mov_w01","par_mov_w02","par_mov_w03","par_mov_w04","par_mov_w05","class_part_4"
1101011,1,2,2,1,1,1,1,1,1,1,1,1,1,"4"
1101012,2,2,1,1,1,1,1,1,1,1,1,1,1,"4"
1101013,1,1,1,2,2,3,1,1,1,1,2,1,1,"3"
1101021,2,1,2,1,1,1,1,1,1,1,1,1,1,"3"
1101023,2,1,2,2,1,1,3,3,1,1,1,2,2,"1"
1101032,2,2,1,1,1,1,2,1,1,1,1,1,1,"4"
1101033,1,1,1,1,1,1,1,1,1,1,1,1,1,"3"
1101053,1,2,1,4,1,1,5,4,2,1,1,2,2,"1"
1101081,2,2,2,1,1,1,1,1,1,1,1,1,1,"4"
1101103,2,2,2,1,2,1,1,1,1,1,1,1,1,"4"
1101132,1,1,1,1,1,1,1,1,1,1,1,1,1,"3"
1101133,1,1,1,1,1,1,1,1,1,1,1,1,1,"3"
1101151,1,2,2,1,1,4,3,1,1,1,2,2,1,"1"
1101152,1,1,1,2,1,1,3,1,1,1,1,2,1,"3"
1101153,2,2,2,2,1,1,1,1,1,1,1,1,1,"4"
1101171,2,1,1,1,1,1,1,1,1,1,1,1,1,"3"
1101173,1,2,2,2,1,1,4,4,1,1,1,2,2,"1"
1107011,2,1,2,1,3,2,1,1,1,2,1,1,1,"1"
1107012,2,1,2,1,2,1,1,1,1,1,1,1,1,"3"
1107021,2,2,2,1,1,1,1,1,1,1,1,1,1,"4"
1107082,2,2,2,1,1,1,1,1,1,1,1,1,1,"4"
2101043,1,1,1,1,1,1,1,1,1,1,1,1,1,"3"
2101062,1,1,2,1,1,1,1,1,1,1,1,1,1,"3"
2101071,2,1,1,1,1,1,1,1,1,1,1,1,1,"3"
2101072,1,1,1,1,1,1,1,1,1,1,1,1,1,"3"
2101081,2,2,2,4,3,3,4,1,2,2,2,2,1,"2"
2101082,1,2,1,1,1,1,1,1,1,1,1,1,1,"4"
2101083,1,2,2,1,1,1,3,1,1,1,1,2,1,"1"
2101092,1,2,2,3,3,2,1,1,2,2,1,1,1,"1"
2101102,2,2,2,1,1,1,1,1,1,1,1,1,1,"4"
2101113,1,1,2,1,1,1,1,1,1,1,1,1,1,"3"
2101141,2,2,2,3,3,3,3,2,2,2,2,2,1,"2"
2101142,2,2,2,3,1,3,1,1,2,1,2,1,1,"1"
2101143,2,2,2,2,1,1,1,3,1,1,1,1,2,"1"
2101151,2,2,2,3,2,2,5,2,2,1,1,2,1,"1"
2101152,2,2,2,1,1,3,3,1,1,1,2,2,1,"1"
2101162,2,2,2,1,1,1,1,1,1,1,1,1,1,"4"
2101163,2,2,1,1,1,3,3,1,1,1,2,2,1,"1"
2101172,2,2,2,1,1,1,1,1,1,1,1,1,1,"4"
2101173,1,1,1,1,1,1,1,1,1,1,1,1,1,"3"
2101181,1,1,1,1,1,1,1,1,1,1,1,1,1,"3"
2101191,1,1,2,1,1,1,3,3,1,1,1,2,2,"1"
2101192,2,1,2,1,1,3,3,1,1,1,2,2,1,"1"
2101193,1,2,2,2,1,1,3,1,1,1,1,2,1,"1"
2101202,1,1,2,1,1,1,3,1,1,1,1,2,1,"3"
2101211,2,2,2,1,1,1,1,3,1,1,1,1,2,"1"
2101212,1,1,1,1,1,1,1,1,1,1,1,1,1,"3"
2101222,1,1,2,1,1,2,4,1,1,1,1,2,1,"3"
2101231,2,2,1,1,1,1,1,1,1,1,1,1,1,"4"
2101232,2,2,2,1,3,3,4,3,1,2,2,2,2,"2"
2101233,1,2,2,1,1,1,1,1,1,1,1,1,1,"4"
2101243,2,2,2,1,1,1,1,1,1,1,1,1,1,"4"
2101251,2,2,1,1,1,1,1,1,1,1,1,1,1,"4"
2101255,2,1,2,1,1,1,1,1,1,1,1,1,1,"3"
2101263,1,2,2,2,1,1,2,1,1,1,1,1,1,"4"
3101023,1,1,2,1,1,1,3,1,1,1,1,2,1,"3"
3101033,1,2,2,3,1,2,1,1,2,1,1,1,1,"1"
3101041,2,2,2,1,1,1,5,1,1,1,1,2,1,"1"
3101043,2,2,1,1,1,1,1,1,1,1,1,1,1,"4"
3101061,2,2,1,1,1,1,1,1,1,1,1,1,1,"4"
3101062,1,2,2,1,1,1,1,1,1,1,1,1,1,"4"
3101082,2,2,2,1,1,2,1,1,1,1,1,1,1,"4"
3101093,2,2,2,2,2,1,3,3,1,1,1,2,2,"1"
3101102,2,2,2,1,1,1,1,1,1,1,1,1,1,"4"
3101111,2,2,1,1,1,1,1,1,1,1,1,1,1,"4"
3101113,1,1,1,1,1,1,3,1,1,1,1,2,1,"3"
3101131,2,2,2,1,1,1,1,1,1,1,1,1,1,"4"
3101132,2,1,1,1,1,1,1,1,1,1,1,1,1,"3"
3101143,1,1,1,1,1,1,1,1,1,1,1,1,1,"3"
3101152,1,1,1,1,1,1,1,1,1,1,1,1,1,"3"
3101153,2,2,2,1,2,1,1,1,1,1,1,1,1,"4"
3101171,2,2,2,1,1,1,1,1,1,1,1,1,1,"4"
3101183,1,2,2,1,1,3,3,2,1,1,2,2,1,"1"
3101191,2,2,2,1,1,2,3,1,1,1,1,2,1,"1"
3101192,2,2,2,1,1,1,1,3,1,1,1,1,2,"1"
3101202,1,2,2,1,1,1,1,1,1,1,1,1,1,"4"
3101203,2,2,2,1,3,1,4,1,1,2,1,2,1,"1"
3101211,1,1,2,1,1,1,2,1,1,1,1,1,1,"3"
3101213,1,2,1,3,1,1,4,4,2,1,1,2,2,"1"
3101222,2,2,2,4,4,4,4,3,2,2,2,2,2,"2"
3101231,2,2,2,3,3,5,2,1,2,2,2,1,1,"2"
3101232,2,1,1,1,1,1,4,3,1,1,1,2,2,"1"
3101233,2,2,2,1,3,2,1,1,1,2,1,1,1,"4"
3101243,1,1,1,1,1,1,1,1,1,1,1,1,1,"3"
3301011,1,1,1,1,1,1,1,1,1,1,1,1,1,"3"
3301021,1,1,1,1,1,1,1,3,1,1,1,1,2,"3"
3301031,2,2,2,1,1,1,1,1,1,1,1,1,1,"4"
3301041,1,2,1,1,1,1,1,1,1,1,1,1,1,"4"
3301043,2,2,1,1,1,1,1,1,1,1,1,1,1,"4"
3301051,1,1,2,1,1,1,4,1,1,1,1,2,1,"3"
3301062,2,2,2,1,1,1,1,1,1,1,1,1,1,"4"
3301073,2,2,2,1,1,1,5,3,1,1,1,2,2,"1"
3301093,2,2,2,1,1,1,1,1,1,1,1,1,1,"4"
3301102,2,2,2,5,5,3,1,4,2,2,2,1,2,"2"
3301103,2,2,2,1,1,1,1,1,1,1,1,1,1,"4"
3301111,1,2,2,1,1,1,3,1,1,1,1,2,1,"1"
3301122,2,2,2,1,1,1,1,1,1,1,1,1,1,"4"
3301143,2,2,1,1,1,1,1,1,1,1,1,1,1,"4"
3301162,2,2,2,1,1,1,1,1,1,1,1,1,1,"4"
3301173,1,2,2,3,1,1,2,1,2,1,1,1,1,"1"
3301191,2,2,2,1,1,1,1,1,1,1,1,1,1,"4"
3301202,2,2,1,1,1,1,1,1,1,1,1,1,1,"4"
3301212,1,1,1,1,1,1,1,1,1,1,1,1,1,"3"
3301221,1,1,1,1,1,1,3,1,1,1,1,2,1,"3"
3301232,2,2,2,1,1,1,1,1,1,1,1,1,1,"4"
3301233,2,2,2,1,1,1,1,1,1,1,1,1,1,"4"
3301241,2,2,2,1,2,1,2,1,1,1,1,1,1,"4"
3301252,2,2,2,1,1,1,1,1,1,1,1,1,1,"4"
3301253,2,1,2,1,1,2,1,1,1,1,1,1,1,"3"
4101021,2,2,2,1,1,1,3,1,1,1,1,2,1,"1"
4101023,1,1,1,1,1,1,1,1,1,1,1,1,1,"3"
4101032,2,1,2,1,1,1,1,1,1,1,1,1,1,"3"
4101034,2,2,2,1,1,1,1,1,1,1,1,1,1,"4"
4101042,2,2,1,1,1,1,3,1,1,1,1,2,1,"1"
4101044,2,1,2,1,1,1,1,1,1,1,1,1,1,"3"
4101053,1,1,2,1,1,1,1,2,1,1,1,1,1,"3"
4101054,2,2,2,1,1,1,1,1,1,1,1,1,1,"4"
4101055,2,2,2,1,1,1,1,1,1,1,1,1,1,"4"
4101057,1,2,1,1,1,1,1,1,1,1,1,1,1,"4"
4101065,1,1,1,1,1,1,1,1,1,1,1,1,1,"3"
4101071,1,2,1,1,1,1,1,1,1,1,1,1,1,"4"
4101111,2,2,1,1,1,1,1,1,1,1,1,1,1,"4"
4101113,2,2,2,1,1,1,1,1,1,1,1,1,1,"4"
4101133,1,1,2,1,1,1,1,1,1,1,1,1,1,"3"
4101134,2,2,2,1,2,1,1,1,1,1,1,1,1,"4"
4101135,1,2,1,1,1,1,1,1,1,1,1,1,1,"4"
4101141,1,2,2,1,1,1,2,1,1,1,1,1,1,"4"
4101143,2,2,2,1,1,1,1,1,1,1,1,1,1,"4"
4102051,2,2,2,1,1,3,2,1,1,1,2,1,1,"4"
4102052,2,2,2,1,1,3,1,2,1,1,2,1,1,"4"
4102055,2,1,2,1,1,1,1,1,1,1,1,1,1,"3"
4102065,1,1,1,1,1,1,1,1,1,1,1,1,1,"3"
4102082,2,1,1,1,1,1,1,1,1,1,1,1,1,"3"
4102083,2,2,2,1,1,1,1,1,1,1,1,1,1,"4"
4102091,1,1,2,2,2,1,3,1,1,1,1,2,1,"3"
4102102,1,1,1,1,1,1,1,1,1,1,1,1,1,"3"
4102121,2,2,2,3,2,2,3,1,2,1,1,2,1,"1"
4106011,2,2,1,1,1,1,1,1,1,1,1,1,1,"4"
4106022,1,2,2,1,1,1,2,1,1,1,1,1,1,"4"
4106023,1,1,2,2,1,1,1,1,1,1,1,1,1,"3"
4106025,2,2,2,2,1,1,3,1,1,1,1,2,1,"1"
4106032,1,1,1,1,1,1,1,1,1,1,1,1,1,"3"
4106053,2,2,2,1,1,1,1,1,1,1,1,1,1,"4"
4106062,2,1,2,3,1,1,1,1,2,1,1,1,1,"1"
4106063,1,1,1,1,1,1,1,1,1,1,1,1,1,"3"
4106065,2,1,2,1,1,1,1,1,1,1,1,1,1,"3"
4106071,2,1,2,3,1,1,2,2,2,1,1,1,1,"1"
4106083,1,2,1,1,1,1,1,1,1,1,1,1,1,"4"
4106094,2,2,2,3,3,2,4,1,2,2,1,2,1,"1"
4106103,1,1,2,1,1,1,1,1,1,1,1,1,1,"3"
4106111,2,2,2,1,1,1,1,1,1,1,1,1,1,"4"
4106112,2,2,2,3,1,1,3,1,2,1,1,2,1,"1"
4106113,2,2,1,1,1,1,1,1,1,1,1,1,1,"4"
4204011,2,2,2,1,1,1,1,1,1,1,1,1,1,"4"
4204021,1,1,1,1,1,1,1,1,1,1,1,1,1,"3"
4204023,2,1,2,3,1,1,1,2,2,1,1,1,1,"1"
4204031,2,2,2,1,2,1,1,2,1,1,1,1,1,"4"
4204042,1,1,1,1,1,1,1,1,1,1,1,1,1,"3"
4204052,2,1,1,1,1,1,1,1,1,1,1,1,1,"3"
4204063,1,2,1,1,1,1,1,1,1,1,1,1,1,"4"
4204081,1,1,2,1,1,1,4,1,1,1,1,2,1,"3"
4204082,2,2,2,3,1,1,1,1,2,1,1,1,1,"4"
4204091,1,1,1,1,1,1,1,1,1,1,1,1,1,"3"
4204093,2,1,1,1,1,1,1,1,1,1,1,1,1,"3"
4204102,1,1,1,1,1,1,1,1,1,1,1,1,1,"3"
4204103,2,2,2,1,1,1,1,1,1,1,1,1,1,"4"
4204113,2,1,1,1,1,1,1,1,1,1,1,1,1,"3"
4301011,2,2,2,1,1,1,1,1,1,1,1,1,1,"4"
4301022,2,2,2,1,1,1,1,1,1,1,1,1,1,"4"
4301023,2,2,2,1,1,2,4,1,1,1,1,2,1,"1"
4301033,2,2,2,1,1,1,1,1,1,1,1,1,1,"4"
4301061,2,2,2,3,1,2,1,1,2,1,1,1,1,"4"
4301071,2,2,2,1,1,1,2,1,1,1,1,1,1,"4"
4301081,2,2,2,3,1,1,3,1,2,1,1,2,1,"1"
4301082,2,1,2,1,1,1,1,1,1,1,1,1,1,"3"
4301083,1,1,2,1,1,1,1,1,1,1,1,1,1,"3"
4301091,2,2,2,1,1,1,3,3,1,1,1,2,2,"1"
4301092,1,1,1,1,1,1,1,1,1,1,1,1,1,"3"
4301122,1,1,1,1,1,1,1,1,1,1,1,1,1,"3"
4301141,2,2,2,1,1,1,1,1,1,1,1,1,1,"4"
4301143,1,1,1,1,1,1,1,1,1,1,1,1,1,"3"
4301153,2,2,2,4,2,1,3,1,2,1,1,2,1,"1"
4301162,2,2,2,1,1,1,1,1,1,1,1,1,1,"4"
4301164,2,1,1,1,1,1,1,1,1,1,1,1,1,"3"
4301171,2,1,1,1,1,1,1,1,1,1,1,1,1,"3"
4301173,1,1,1,1,1,1,1,1,1,1,1,1,1,"3"
4301182,2,2,2,1,1,1,1,1,1,1,1,1,1,"4"
4301184,2,2,1,1,1,1,1,1,1,1,1,1,1,"4"
4301201,2,2,2,2,1,1,2,1,1,1,1,1,1,"4"
4301211,2,2,2,1,1,1,1,1,1,1,1,1,1,"4"
4301213,2,2,2,1,1,1,1,1,1,1,1,1,1,"4"
4301221,2,2,2,1,1,1,1,1,1,1,1,1,1,"4"
4301223,1,2,1,1,1,1,2,1,1,1,1,1,1,"4"
4301233,2,2,2,1,1,1,1,1,1,1,1,1,1,"4"
4301251,2,2,1,1,1,1,1,1,1,1,1,1,1,"4"
4301252,2,2,2,1,1,1,1,1,1,1,1,1,1,"4"
5101014,2,2,2,4,4,1,3,1,2,2,1,2,1,"1"
5101015,2,2,2,1,1,1,1,1,1,1,1,1,1,"4"
5101021,1,2,2,3,1,1,3,1,2,1,1,2,1,"1"
5101035,1,2,2,1,1,1,1,1,1,1,1,1,1,"4"
5101053,1,1,2,1,1,1,1,1,1,1,1,1,1,"3"
5101055,1,1,2,1,1,1,1,1,1,1,1,1,1,"3"
5101062,2,2,2,1,1,1,1,1,1,1,1,1,1,"4"
5101064,1,2,1,1,1,1,1,1,1,1,1,1,1,"4"
5101066,2,2,2,1,1,1,1,1,1,1,1,1,1,"4"
5101067,2,2,2,1,2,1,1,1,1,1,1,1,1,"4"
5101072,2,2,2,1,1,1,2,1,1,1,1,1,1,"4"
5101074,2,2,2,2,1,1,2,1,1,1,1,1,1,"4"
5101075,1,2,2,3,1,1,1,1,2,1,1,1,1,"1"
5101094,1,1,1,1,1,1,1,1,1,1,1,1,1,"3"
5101095,1,2,1,1,1,1,1,1,1,1,1,1,1,"4"
5101103,2,2,1,1,1,1,1,1,1,1,1,1,1,"4"
5101105,1,2,2,1,1,1,1,1,1,1,1,1,1,"4"
5101112,2,1,2,1,1,1,1,1,1,1,1,1,1,"3"
5101117,2,2,2,1,1,1,3,4,1,1,1,2,2,"1"
5101123,2,1,1,1,1,1,1,1,1,1,1,1,1,"3"
5101125,2,2,1,1,1,1,1,1,1,1,1,1,1,"4"
5101126,1,1,1,1,1,1,1,1,1,1,1,1,1,"3"
5101131,2,1,1,1,1,1,1,1,1,1,1,1,1,"3"
5101132,1,1,2,1,1,1,1,2,1,1,1,1,1,"3"
5101136,2,2,2,1,1,1,1,1,1,1,1,1,1,"4"
5101145,1,1,1,1,3,1,1,1,1,2,1,1,1,"3"
5101151,2,2,2,1,1,1,1,1,1,1,1,1,1,"4"
5101153,2,2,2,1,1,1,1,1,1,1,1,1,1,"4"
5101154,1,1,1,1,1,1,1,1,1,1,1,1,1,"3"
5101155,2,2,2,1,1,1,1,1,1,1,1,1,1,"4"
5101161,2,2,2,3,3,3,4,3,2,2,2,2,2,"2"
5101162,2,2,2,1,1,1,1,1,1,1,1,1,1,"4"
5101174,2,2,2,1,1,1,1,1,1,1,1,1,1,"4"
5101182,1,2,2,2,1,1,4,1,1,1,1,2,1,"1"
5101196,1,1,2,1,1,2,2,2,1,1,1,1,1,"3"
5101197,2,2,2,1,1,1,2,1,1,1,1,1,1,"4"
5101201,1,2,1,1,1,1,1,1,1,1,1,1,1,"4"
5101204,2,2,1,1,1,1,1,1,1,1,1,1,1,"4"
5101205,1,2,2,1,1,4,4,4,1,1,2,2,2,"1"
5101206,2,2,1,1,1,1,1,1,1,1,1,1,1,"4"
5101207,1,1,1,1,1,2,1,1,1,1,1,1,1,"3"
5101215,1,1,2,1,1,1,1,1,1,1,1,1,1,"3"
5101221,2,2,1,1,1,1,1,1,1,1,1,1,1,"4"
5101222,2,1,1,1,1,1,1,1,1,1,1,1,1,"3"
5101224,2,2,2,1,2,1,3,1,1,1,1,2,1,"1"
5101226,1,1,2,1,1,1,1,3,1,1,1,1,2,"3"
5101251,1,1,2,1,3,2,4,1,1,2,1,2,1,"1"
5101252,2,2,2,1,1,1,1,1,1,1,1,1,1,"4"
5101253,1,2,2,1,1,1,1,1,1,1,1,1,1,"4"
5101261,2,2,2,2,1,3,3,3,1,1,2,2,2,"1"
5101291,2,2,2,1,4,1,1,1,1,2,1,1,1,"4"
5101303,2,2,2,2,1,1,2,2,1,1,1,1,1,"4"
5101341,1,1,1,1,1,1,1,1,1,1,1,1,1,"3"
5101343,2,2,2,1,3,1,1,1,1,2,1,1,1,"4"
5101362,1,1,1,1,2,1,1,1,1,1,1,1,1,"3"
5101371,2,2,1,3,1,4,5,4,2,1,2,2,2,"1"
5101372,2,2,1,1,1,1,1,1,1,1,1,1,1,"4"
5101403,1,1,2,1,1,1,1,1,1,1,1,1,1,"3"
5101404,2,2,2,1,2,1,3,1,1,1,1,2,1,"1"
5101422,1,2,2,1,1,1,1,1,1,1,1,1,1,"4"
5101443,2,2,2,1,1,1,1,1,1,1,1,1,1,"4"
5101462,1,1,2,1,2,1,3,1,1,1,1,2,1,"3"
5101463,2,2,2,1,2,1,1,1,1,1,1,1,1,"4"
5101465,2,2,1,1,3,1,1,1,1,2,1,1,1,"4"
5101472,1,1,1,1,1,1,1,1,1,1,1,1,1,"3"
5101481,2,2,1,1,1,1,2,1,1,1,1,1,1,"4"
5101482,2,1,1,1,1,1,1,1,1,1,1,1,1,"3"
5101484,1,1,2,1,1,1,1,1,1,1,1,1,1,"3"
5101485,1,2,1,2,3,1,1,1,1,2,1,1,1,"4"
5101486,2,2,2,1,1,1,1,1,1,1,1,1,1,"4"
5101491,2,2,1,1,1,1,1,1,1,1,1,1,1,"4"
5101492,2,2,2,1,1,1,4,1,1,1,1,2,1,"1"
5101494,1,2,2,1,1,2,3,1,1,1,1,2,1,"1"
5101495,2,2,2,1,1,1,1,1,1,1,1,1,1,"4"
5101501,2,1,1,1,1,1,1,1,1,1,1,1,1,"3"
5101505,1,1,2,1,1,1,1,1,1,1,1,1,1,"3"
5101507,2,2,2,1,1,1,1,1,1,1,1,1,1,"4"
5101513,1,1,2,1,1,1,1,1,1,1,1,1,1,"3"
5101514,1,1,1,1,1,1,1,1,1,1,1,1,1,"3"
5101515,1,1,2,1,1,2,1,1,1,1,1,1,1,"3"
5101521,2,2,1,1,3,1,1,1,1,2,1,1,1,"4"
5101523,1,1,2,1,1,1,1,1,1,1,1,1,1,"3"
5101525,2,1,2,1,1,1,1,1,1,1,1,1,1,"3"
5101526,2,2,1,1,1,1,3,1,1,1,1,2,1,"1"
5101531,1,1,2,1,1,1,3,2,1,1,1,2,1,"3"
5101533,1,2,2,1,1,1,3,5,1,1,1,2,2,"1"
5101536,1,1,2,1,1,1,3,3,1,1,1,2,2,"1"
5103031,1,2,1,1,1,1,1,1,1,1,1,1,1,"4"
5103033,1,2,2,1,1,1,1,1,1,1,1,1,1,"4"
5103038,1,1,1,1,1,1,1,1,1,1,1,1,1,"3"
5109013,2,2,2,1,1,1,1,1,1,1,1,1,1,"4"
5109033,2,2,2,1,1,1,1,1,1,1,1,1,1,"4"
5109034,2,2,1,4,1,1,3,1,2,1,1,2,1,"1"
5109051,2,2,2,1,1,1,1,1,1,1,1,1,1,"4"
5109052,1,1,1,1,1,2,1,1,1,1,1,1,1,"3"
5109057,2,2,1,3,3,3,3,1,2,2,2,2,1,"2"
5109103,1,1,1,1,1,1,1,1,1,1,1,1,1,"3"
5109114,2,2,2,1,1,1,3,1,1,1,1,2,1,"1"
5109115,2,2,2,4,1,1,1,1,2,1,1,1,1,"4"
5109124,2,2,2,2,1,1,3,1,1,1,1,2,1,"1"
5109125,2,2,2,1,1,1,3,2,1,1,1,2,1,"1"
5109142,1,1,1,1,1,1,1,1,1,1,1,1,1,"3"
5109151,1,1,2,1,1,1,1,1,1,1,1,1,1,"3"
5109152,1,1,2,2,1,1,2,1,1,1,1,1,1,"3"
5109153,2,1,2,1,1,1,1,1,1,1,1,1,1,"3"
5109155,2,2,1,1,1,1,1,1,1,1,1,1,1,"4"
5109176,2,2,2,4,3,2,4,1,2,2,1,2,1,"1"
5109178,1,2,1,2,2,2,3,1,1,1,1,2,1,"1"
5109202,1,2,2,1,1,1,2,2,1,1,1,1,1,"4"
5109203,2,2,2,1,1,1,1,1,1,1,1,1,1,"4"
5109226,2,1,2,1,1,1,1,1,1,1,1,1,1,"3"
5109227,2,2,2,1,1,1,1,1,1,1,1,1,1,"4"
5109241,2,2,2,1,1,1,1,1,1,1,1,1,1,"4"
5109242,2,1,2,1,1,1,1,1,1,1,1,1,1,"3"
5109254,1,1,1,1,1,1,1,1,1,1,1,1,1,"3"
5109255,2,2,2,1,1,1,2,1,1,1,1,1,1,"4"
5109261,2,2,2,1,1,1,1,1,1,1,1,1,1,"4"
5109282,1,1,2,1,1,1,2,2,1,1,1,1,1,"3"
5109284,2,2,2,1,1,2,1,1,1,1,1,1,1,"4"
5109285,2,2,2,1,1,1,1,1,1,1,1,1,1,"4"
5109286,2,2,2,1,2,1,2,1,1,1,1,1,1,"4"
5109293,1,1,1,1,1,1,1,1,1,1,1,1,1,"3"
5109294,1,2,1,1,1,1,1,1,1,1,1,1,1,"4"
5109295,2,2,2,1,1,1,2,1,1,1,1,1,1,"4"
5109302,1,1,1,1,1,1,1,1,1,1,1,1,1,"3"
5109303,2,2,1,1,1,1,1,1,1,1,1,1,1,"4"
5109305,1,2,2,2,1,3,4,1,1,1,2,2,1,"1"
5109314,2,2,1,1,1,1,1,1,1,1,1,1,1,"4"
5109315,2,1,2,4,3,1,1,1,2,2,1,1,1,"1"
5109324,2,2,2,1,1,3,1,1,1,1,2,1,1,"4"
5109331,2,2,2,1,1,1,1,1,1,1,1,1,1,"4"
5109333,1,2,2,1,1,1,1,1,1,1,1,1,1,"4"
5109336,1,1,2,2,3,1,1,1,1,2,1,1,1,"3"
5109337,1,2,1,1,1,1,1,1,1,1,1,1,1,"4"
5109341,1,1,2,1,1,1,3,1,1,1,1,2,1,"3"
5109342,1,1,2,2,1,1,1,1,1,1,1,1,1,"3"
5109343,2,1,2,1,1,1,1,1,1,1,1,1,1,"3"
5109344,1,1,1,1,1,1,1,1,1,1,1,1,1,"3"
5109345,2,1,2,1,1,1,1,1,1,1,1,1,1,"3"
5109346,1,2,2,1,1,2,3,1,1,1,1,2,1,"1"
5109354,2,1,2,1,1,1,1,1,1,1,1,1,1,"3"
5109363,2,2,2,1,1,1,1,1,1,1,1,1,1,"4"
5109372,2,1,1,1,1,1,1,1,1,1,1,1,1,"3"
5109375,2,2,2,1,1,1,1,1,1,1,1,1,1,"4"
5109381,1,2,2,1,1,1,1,1,1,1,1,1,1,"4"
5109384,2,1,1,1,1,1,1,1,1,1,1,1,1,"3"
5109392,1,1,2,1,1,1,3,1,1,1,1,2,1,"3"
5109393,2,2,2,1,1,1,1,1,1,1,1,1,1,"4"
5109394,1,2,2,4,1,1,4,1,2,1,1,2,1,"1"
5109397,2,2,2,3,1,1,3,2,2,1,1,2,1,"1"
5402011,2,2,2,1,1,1,4,4,1,1,1,2,2,"1"
5402021,2,2,2,1,1,1,1,1,1,1,1,1,1,"4"
5402023,2,1,1,1,2,2,1,1,1,1,1,1,1,"3"
5402032,2,2,2,1,1,1,3,3,1,1,1,2,2,"1"
5402041,2,2,2,1,1,2,1,1,1,1,1,1,1,"4"
5402051,1,2,2,1,1,1,1,1,1,1,1,1,1,"4"
5402053,2,2,2,1,1,3,1,1,1,1,2,1,1,"4"
5402071,2,2,2,1,1,1,1,1,1,1,1,1,1,"4"
5402073,2,2,2,1,1,1,1,1,1,1,1,1,1,"4"
5402081,2,2,2,1,1,1,1,1,1,1,1,1,1,"4"
5402101,2,1,1,1,1,1,1,1,1,1,1,1,1,"3"
5402103,2,1,2,1,1,1,1,1,1,1,1,1,1,"3"
5402111,2,1,1,2,1,1,3,1,1,1,1,2,1,"3"
5402113,1,1,1,2,1,1,1,1,1,1,1,1,1,"3"
5701032,2,2,2,1,1,1,1,1,1,1,1,1,1,"4"
5701042,2,2,2,1,1,1,1,1,1,1,1,1,1,"4"
5701043,2,2,2,1,1,1,1,1,1,1,1,1,1,"4"
5701063,2,1,2,1,1,1,1,1,1,1,1,1,1,"3"
5701122,2,2,2,1,1,1,1,1,1,1,1,1,1,"4"
5701132,1,2,2,2,1,1,1,1,1,1,1,1,1,"4"
5701162,2,2,2,1,1,1,2,1,1,1,1,1,1,"4"
5701191,2,2,2,1,1,1,1,1,1,1,1,1,1,"4"
5701192,2,2,1,1,1,1,1,1,1,1,1,1,1,"4"
5701233,1,1,2,3,1,1,3,1,2,1,1,2,1,"1"
5801022,2,2,2,1,1,1,1,1,1,1,1,1,1,"4"
5801023,2,2,2,1,1,1,1,1,1,1,1,1,1,"4"
5801032,1,1,1,1,1,1,3,1,1,1,1,2,1,"3"
5801035,2,2,2,1,1,1,1,1,1,1,1,1,1,"4"
5801042,2,2,1,1,1,1,1,1,1,1,1,1,1,"4"
5801043,1,1,2,1,1,1,1,1,1,1,1,1,1,"3"
5801051,2,2,1,2,1,1,1,1,1,1,1,1,1,"4"
5801062,1,2,1,1,1,1,1,1,1,1,1,1,1,"4"
5801065,2,2,2,1,1,1,1,1,1,1,1,1,1,"4"
5801081,2,2,1,1,1,1,1,1,1,1,1,1,1,"4"
5801082,1,1,1,1,3,2,1,1,1,2,1,1,1,"3"
5801094,2,2,1,1,1,1,1,1,1,1,1,1,1,"4"
5801096,2,2,1,1,1,1,1,1,1,1,1,1,1,"4"
5801102,2,2,1,1,1,1,1,1,1,1,1,1,1,"4"
5801104,2,2,2,1,1,1,1,1,1,1,1,1,1,"4"
5801106,2,1,1,1,1,1,1,1,1,1,1,1,1,"3"
5801111,1,2,1,1,1,1,1,1,1,1,1,1,1,"4"
5801114,2,1,1,1,1,1,1,1,1,1,1,1,1,"3"
5801131,2,2,1,1,1,1,1,1,1,1,1,1,1,"4"
5801143,1,2,2,1,1,1,1,1,1,1,1,1,1,"4"
5801154,1,2,1,3,1,1,1,1,2,1,1,1,1,"4"
5801155,2,2,1,3,1,3,1,1,2,1,2,1,1,"1"
5804011,1,1,2,1,1,1,1,3,1,1,1,1,2,"3"
5804014,2,2,2,1,1,1,1,1,1,1,1,1,1,"4"
5804015,2,2,2,1,1,1,1,1,1,1,1,1,1,"4"
5804017,2,2,2,1,1,1,1,1,1,1,1,1,1,"4"
5804021,2,2,1,1,1,1,1,1,1,1,1,1,1,"4"
5804023,2,1,1,1,1,1,1,1,1,1,1,1,1,"3"
5804025,2,2,2,1,1,1,1,1,1,1,1,1,1,"4"
5804031,1,1,1,1,1,1,2,3,1,1,1,1,2,"3"
5804056,2,2,2,1,1,1,3,1,1,1,1,2,1,"1"
5804062,2,1,1,1,1,1,1,1,1,1,1,1,1,"3"
5804063,2,1,1,1,1,1,1,1,1,1,1,1,1,"3"
5804065,2,2,1,1,1,1,1,1,1,1,1,1,1,"4"
5804073,2,2,2,3,1,1,3,2,2,1,1,2,1,"1"
5804077,2,1,2,1,1,1,1,1,1,1,1,1,1,"3"
5804083,2,2,2,1,1,1,1,1,1,1,1,1,1,"4"
5804091,2,2,2,1,1,1,1,1,1,1,1,1,1,"4"
5804093,2,2,2,1,1,1,1,2,1,1,1,1,1,"4"
5804101,1,1,2,1,1,1,1,1,1,1,1,1,1,"3"
5804102,2,2,2,1,1,1,1,1,1,1,1,1,1,"4"
5804104,2,1,2,1,1,3,1,1,1,1,2,1,1,"1"
5804105,1,1,1,1,1,1,1,1,1,1,1,1,1,"3"
5804111,2,2,2,1,1,1,1,1,1,1,1,1,1,"4"
5804112,2,1,1,1,1,1,1,1,1,1,1,1,1,"3"
5804124,1,2,1,1,3,1,1,1,1,2,1,1,1,"4"
5804125,2,2,1,1,1,1,1,1,1,1,1,1,1,"4"
6101013,2,2,2,1,1,1,1,1,1,1,1,1,1,"4"
6101014,2,1,2,1,1,1,1,1,1,1,1,1,1,"3"
6101017,2,2,2,1,1,1,4,3,1,1,1,2,2,"1"
6101023,2,2,1,1,1,1,1,1,1,1,1,1,1,"4"
6101035,2,2,1,1,1,1,1,1,1,1,1,1,1,"4"
6101051,1,2,1,1,1,1,1,1,1,1,1,1,1,"4"
6101052,1,1,2,1,1,1,3,1,1,1,1,2,1,"3"
6101062,1,1,1,1,1,1,1,1,1,1,1,1,1,"3"
6101064,2,2,2,1,1,1,1,1,1,1,1,1,1,"4"
6101081,2,2,2,1,1,1,4,1,1,1,1,2,1,"1"
6101094,1,2,2,1,1,1,1,1,1,1,1,1,1,"4"
6101105,2,2,2,3,1,3,3,1,2,1,2,2,1,"1"
6101112,1,1,2,1,2,1,3,3,1,1,1,2,2,"1"
6101113,1,1,2,1,1,1,3,1,1,1,1,2,1,"3"
6101115,2,1,1,1,1,1,1,1,1,1,1,1,1,"3"
6101133,2,2,2,1,1,1,1,1,1,1,1,1,1,"4"
6101152,1,1,1,1,1,1,1,1,1,1,1,1,1,"3"
6101154,2,2,2,1,1,1,1,1,1,1,1,1,1,"4"
6101171,2,2,2,2,1,1,1,1,1,1,1,1,1,"4"
6101194,2,2,2,1,1,1,1,1,1,1,1,1,1,"4"
6105032,2,2,1,1,1,1,1,1,1,1,1,1,1,"4"
6105033,2,1,2,1,1,1,1,1,1,1,1,1,1,"3"
6105042,1,2,2,1,1,1,1,1,1,1,1,1,1,"4"
6105044,2,2,2,1,1,1,1,1,1,1,1,1,1,"4"
6105071,1,1,1,1,1,1,2,1,1,1,1,1,1,"3"
6105072,2,2,2,1,1,1,1,1,1,1,1,1,1,"4"
6105074,2,2,2,3,3,2,4,3,2,2,1,2,2,"2"
6105092,2,2,1,1,1,1,1,1,1,1,1,1,1,"4"
6105103,2,2,1,1,1,1,1,1,1,1,1,1,1,"4"
6105113,2,2,1,1,1,1,1,1,1,1,1,1,1,"4"
6108012,1,1,1,1,1,1,1,1,1,1,1,1,1,"3"
6108031,2,2,2,1,1,1,3,2,1,1,1,2,1,"1"
6111011,2,2,2,1,1,1,1,1,1,1,1,1,1,"4"
6111013,2,2,2,2,3,2,2,1,1,2,1,1,1,"4"
6310012,2,2,1,1,1,1,4,1,1,1,1,2,1,"1"
6310013,1,2,1,1,1,1,1,1,1,1,1,1,1,"4"
6310021,2,2,2,1,1,1,1,1,1,1,1,1,1,"4"
6310032,2,2,1,1,1,1,1,1,1,1,1,1,1,"4"
6310035,2,2,2,1,1,1,1,1,1,1,1,1,1,"4"
6310051,1,2,2,3,1,2,3,3,2,1,1,2,2,"1"
6310052,2,2,2,1,1,1,1,1,1,1,1,1,1,"4"
6310063,2,2,2,1,1,1,1,1,1,1,1,1,1,"4"
6310064,2,2,2,1,1,1,2,1,1,1,1,1,1,"4"
6310081,2,2,2,1,1,1,1,1,1,1,1,1,1,"4"
6310082,2,2,2,1,1,1,1,1,1,1,1,1,1,"4"
6310091,2,2,2,1,1,1,1,1,1,1,1,1,1,"4"
6310093,2,1,1,1,1,1,1,1,1,1,1,1,1,"3"
6310103,2,2,2,1,1,1,2,1,1,1,1,1,1,"4"
6310111,2,2,2,1,1,1,1,1,1,1,1,1,1,"4"
6310112,2,2,1,1,1,1,1,1,1,1,1,1,1,"4"
7101032,2,2,1,1,1,1,1,1,1,1,1,1,1,"4"
7101042,2,2,2,1,2,1,1,1,1,1,1,1,1,"4"
7101044,1,1,2,1,1,1,1,1,1,1,1,1,1,"3"
7101071,2,2,2,1,1,1,1,1,1,1,1,1,1,"4"
7101091,2,2,2,2,2,1,1,1,1,1,1,1,1,"4"
7101092,2,2,2,1,1,1,1,1,1,1,1,1,1,"4"
7101113,2,2,1,1,1,1,1,1,1,1,1,1,1,"4"
7101121,2,2,2,1,4,2,3,1,1,2,1,2,1,"1"
7101122,2,2,2,1,1,1,1,1,1,1,1,1,1,"4"
7101142,2,1,2,1,1,1,1,1,1,1,1,1,1,"3"
7101163,2,2,1,1,1,1,1,1,1,1,1,1,1,"4"
7101172,2,2,2,1,1,1,1,1,1,1,1,1,1,"4"
7101173,2,2,2,1,1,2,3,1,1,1,1,2,1,"1"
7101181,2,2,2,1,3,1,5,3,1,2,1,2,2,"1"
7101182,1,2,2,1,1,1,2,1,1,1,1,1,1,"4"
7101191,2,1,1,4,1,1,1,1,2,1,1,1,1,"3"
7101203,2,1,1,1,1,1,1,1,1,1,1,1,1,"3"
7101212,1,2,2,1,1,1,3,1,1,1,1,2,1,"1"
7101213,2,1,1,1,1,1,3,1,1,1,1,2,1,"3"
7101232,2,2,2,1,3,1,4,1,1,2,1,2,1,"1"
7101233,2,2,2,1,1,1,1,1,1,1,1,1,1,"4"
7102011,2,2,2,1,1,1,1,1,1,1,1,1,1,"4"
7102031,2,2,2,1,1,1,1,1,1,1,1,1,1,"4"
7102043,2,2,2,1,1,1,1,1,1,1,1,1,1,"4"
7102051,1,2,2,1,1,1,1,1,1,1,1,1,1,"4"
7102052,1,1,2,1,1,1,1,1,1,1,1,1,1,"3"
7102053,1,1,1,1,1,1,1,1,1,1,1,1,1,"3"
7102072,2,2,2,3,1,1,3,1,2,1,1,2,1,"1"
7102073,1,2,2,1,1,1,1,1,1,1,1,1,1,"4"
7102083,2,2,1,1,1,1,3,1,1,1,1,2,1,"1"
7102092,2,2,2,2,1,1,1,1,1,1,1,1,1,"4"
7102101,2,2,2,1,1,1,1,1,1,1,1,1,1,"4"
7102111,2,2,2,1,1,1,1,1,1,1,1,1,1,"4"
7102113,1,2,2,1,1,1,1,1,1,1,1,1,1,"4"
7102122,1,1,1,1,1,1,1,1,1,1,1,1,1,"3"
7102123,2,1,2,1,2,1,4,1,1,1,1,2,1,"1"
7102142,2,2,2,2,1,1,1,1,1,1,1,1,1,"4"
7102143,2,2,2,1,1,1,3,1,1,1,1,2,1,"1"
7102152,1,1,1,1,1,1,1,1,1,1,1,1,1,"3"
7102163,2,2,2,1,1,1,1,1,1,1,1,1,1,"4"
7102171,2,1,1,1,1,1,1,1,1,1,1,1,1,"3"
7102181,2,2,2,1,1,1,1,1,1,1,1,1,1,"4"
7102183,2,2,1,1,1,1,1,1,1,1,1,1,1,"4"
7102191,2,2,2,1,1,1,1,1,1,1,1,1,1,"4"
7102201,2,2,2,1,1,1,2,1,1,1,1,1,1,"4"
7102202,2,2,2,2,1,1,1,1,1,1,1,1,1,"4"
7102215,2,2,1,1,1,1,1,1,1,1,1,1,1,"4"
7102222,2,2,1,1,1,1,1,1,1,1,1,1,1,"4"
7102231,2,2,1,1,1,1,1,1,1,1,1,1,1,"4"
7102233,2,2,1,1,1,1,1,1,1,1,1,1,1,"4"
7102241,2,2,2,1,1,1,1,1,1,1,1,1,1,"4"
7102242,1,1,1,1,1,1,1,1,1,1,1,1,1,"3"
7102252,1,1,1,1,1,1,1,1,1,1,1,1,1,"3"
7105012,1,2,1,1,1,1,1,1,1,1,1,1,1,"4"
7401011,2,2,2,1,1,1,1,1,1,1,1,1,1,"4"
7401012,2,2,2,1,1,1,1,1,1,1,1,1,1,"4"
7401023,2,2,2,1,1,1,2,1,1,1,1,1,1,"4"
7401033,2,2,1,1,1,1,1,1,1,1,1,1,1,"4"
7401041,1,1,2,1,1,1,1,1,1,1,1,1,1,"3"
7401052,2,2,1,1,1,1,1,1,1,1,1,1,1,"4"
7401061,2,1,2,1,1,1,1,1,1,1,1,1,1,"3"
7401063,1,1,2,2,1,1,1,1,1,1,1,1,1,"3"
7401082,2,1,1,1,1,1,1,1,1,1,1,1,1,"3"
7401083,1,1,2,1,1,1,1,1,1,1,1,1,1,"3"
7401093,1,1,1,1,1,1,1,1,1,1,1,1,1,"3"
7401101,2,2,2,1,1,1,1,1,1,1,1,1,1,"4"
7401102,2,1,2,1,1,1,1,1,1,1,1,1,1,"3"
7401111,1,2,2,3,2,2,3,1,2,1,1,2,1,"1"
7401112,1,1,1,1,1,1,1,1,1,1,1,1,1,"3"
7401131,1,2,1,1,1,1,1,1,1,1,1,1,1,"4"
7401133,2,2,2,1,1,1,1,1,1,1,1,1,1,"4"
7401141,2,2,2,1,1,1,3,1,1,1,1,2,1,"1"
7401143,1,2,2,1,1,1,1,1,1,1,1,1,1,"4"
7401151,1,1,1,1,1,1,1,1,1,1,1,1,1,"3"
7401182,1,1,2,1,1,1,4,1,1,1,1,2,1,"3"
7401192,2,2,1,1,1,1,1,1,1,1,1,1,1,"4"
7401211,2,2,2,1,1,1,1,1,1,1,1,1,1,"4"
7401221,2,2,1,1,1,1,1,1,1,1,1,1,1,"4"
7401222,2,1,1,1,1,1,1,1,1,1,1,1,1,"3"
7401223,2,2,1,1,1,1,1,1,1,1,1,1,1,"4"
7401231,1,1,1,1,1,1,1,1,1,1,1,1,1,"3"
7401233,1,2,2,1,1,1,1,1,1,1,1,1,1,"4"
7401253,1,2,2,1,1,1,1,1,1,1,1,1,1,"4"
7401254,2,2,2,1,1,1,1,1,1,1,1,1,1,"4"
7404012,2,2,1,1,1,1,1,1,1,1,1,1,1,"4"
7404013,2,2,2,1,1,1,3,1,1,1,1,2,1,"1"
7404031,2,2,2,1,1,1,1,1,1,1,1,1,1,"4"
7404033,2,2,1,1,1,1,1,1,1,1,1,1,1,"4"
7404043,2,2,1,1,1,1,1,1,1,1,1,1,1,"4"
7404062,2,2,1,1,1,1,1,1,1,1,1,1,1,"4"
7404071,2,2,2,4,1,1,1,1,2,1,1,1,1,"4"
7404073,2,1,2,1,1,1,1,1,1,1,1,1,1,"3"
7404081,2,2,1,5,1,1,1,1,2,1,1,1,1,"4"
7404082,2,2,2,1,1,1,1,1,1,1,1,1,1,"4"
7404111,2,2,1,1,1,1,1,1,1,1,1,1,1,"4"
7404113,2,2,2,1,1,1,1,1,1,1,1,1,1,"4"
7404124,1,2,1,1,1,1,1,1,1,1,1,1,1,"4"
7404131,2,2,2,1,1,1,2,1,1,1,1,1,1,"4"
7404132,2,2,1,1,1,1,1,1,1,1,1,1,1,"4"
7404142,2,2,2,1,1,3,5,1,1,1,2,2,1,"1"
7404152,2,1,1,1,1,1,1,1,1,1,1,1,1,"3"
7404161,2,2,2,1,1,1,1,1,1,1,1,1,1,"4"
7404171,2,2,2,1,1,1,1,1,1,1,1,1,1,"4"
7404172,2,2,1,1,1,1,3,1,1,1,1,2,1,"1"
7404173,2,2,2,1,1,1,1,1,1,1,1,1,1,"4"
7404183,1,1,2,1,1,1,1,1,1,1,1,1,1,"3"
7404191,2,2,2,1,1,1,1,1,1,1,1,1,1,"4"
7404201,1,2,1,1,1,1,2,1,1,1,1,1,1,"4"
7404202,2,2,2,1,1,1,1,1,1,1,1,1,1,"4"
7404203,2,2,2,1,1,1,1,1,1,1,1,1,1,"4"
7404211,2,1,1,1,1,1,1,1,1,1,1,1,1,"3"
7404213,1,2,1,1,1,1,1,1,1,1,1,1,1,"4"
7404233,1,1,1,1,1,1,1,1,1,1,1,1,1,"3"
7404235,1,1,1,1,1,1,1,1,1,1,1,1,1,"3"
7404241,2,2,2,1,1,1,2,1,1,1,1,1,1,"4"
7404242,2,2,2,1,1,1,1,1,1,1,1,1,1,"4"
7404243,2,2,2,1,1,1,1,1,1,1,1,1,1,"4"
7404251,2,2,1,1,1,1,1,1,1,1,1,1,1,"4"
7404253,2,2,1,1,1,1,1,3,1,1,1,1,2,"4"
8101013,2,2,2,3,4,4,4,4,2,2,2,2,2,"2"
8101014,2,2,1,1,1,1,1,1,1,1,1,1,1,"4"
8101017,2,2,1,1,1,1,1,1,1,1,1,1,1,"4"
8101025,2,2,2,1,1,1,1,1,1,1,1,1,1,"4"
8101032,2,1,2,1,1,1,1,2,1,1,1,1,1,"3"
8101036,2,2,2,1,1,1,1,1,1,1,1,1,1,"4"
8101037,2,2,1,1,1,1,1,1,1,1,1,1,1,"4"
8101041,2,2,2,2,1,3,5,2,1,1,2,2,1,"1"
8101044,2,2,2,1,1,1,1,1,1,1,1,1,1,"4"
8101048,2,2,2,5,5,5,4,2,2,2,2,2,1,"2"
8101052,1,1,1,1,1,1,1,2,1,1,1,1,1,"3"
8101061,2,2,2,1,1,1,3,1,1,1,1,2,1,"1"
8101063,2,2,2,1,1,1,1,1,1,1,1,1,1,"4"
8101064,2,2,2,1,1,1,2,1,1,1,1,1,1,"4"
8101066,1,2,2,1,1,1,1,1,1,1,1,1,1,"4"
8101068,1,2,1,1,1,1,1,1,1,1,1,1,1,"4"
8101071,1,1,1,1,1,1,1,1,1,1,1,1,1,"3"
8101078,2,2,2,3,3,3,3,1,2,2,2,2,1,"2"
8101079,2,2,1,1,1,1,1,1,1,1,1,1,1,"4"
8101084,2,2,2,2,1,3,2,1,1,1,2,1,1,"4"
8101091,2,2,1,1,1,1,1,1,1,1,1,1,1,"4"
8101092,2,2,2,1,1,1,2,1,1,1,1,1,1,"4"
8101094,2,2,2,1,1,1,1,1,1,1,1,1,1,"4"
8101095,2,2,2,1,1,1,1,1,1,1,1,1,1,"4"
8101098,2,2,2,1,1,1,1,1,1,1,1,1,1,"4"
8101101,2,1,2,1,1,3,1,1,1,1,2,1,1,"1"
8101103,1,1,1,1,1,1,1,1,1,1,1,1,1,"3"
8101104,1,2,1,1,1,1,1,1,1,1,1,1,1,"4"
8101111,2,2,1,1,1,1,1,1,1,1,1,1,1,"4"
8101112,2,1,1,1,1,1,1,1,1,1,1,1,1,"3"
8101113,2,2,2,1,3,3,1,1,1,2,2,1,1,"1"
8101114,2,1,2,1,1,1,1,1,1,1,1,1,1,"3"
8101115,1,1,1,1,1,1,1,1,1,1,1,1,1,"3"
8101116,2,2,2,1,3,1,1,1,1,2,1,1,1,"4"
8101117,2,2,2,1,1,1,1,1,1,1,1,1,1,"4"
8101118,2,2,2,4,3,3,2,1,2,2,2,1,1,"2"
8101127,2,2,2,3,3,3,3,2,2,2,2,2,1,"2"
8101128,1,2,1,1,1,1,1,1,1,1,1,1,1,"4"
8101145,1,1,1,1,1,1,2,1,1,1,1,1,1,"3"
8101163,1,2,2,1,2,2,1,1,1,1,1,1,1,"4"
8101165,2,1,2,1,1,1,2,3,1,1,1,1,2,"1"
8101171,1,2,1,1,1,1,1,1,1,1,1,1,1,"4"
8101187,2,2,1,1,1,1,1,1,1,1,1,1,1,"4"
8101211,1,1,2,1,1,1,1,1,1,1,1,1,1,"3"
8101214,2,2,2,1,1,1,1,1,1,1,1,1,1,"4"
8101215,2,2,2,1,1,1,2,1,1,1,1,1,1,"4"
8101216,1,2,1,1,1,1,1,1,1,1,1,1,1,"4"
8101222,1,1,2,1,1,1,2,1,1,1,1,1,1,"3"
8101223,2,1,1,1,1,1,1,1,1,1,1,1,1,"3"
8101224,2,2,2,1,1,1,1,1,1,1,1,1,1,"4"
8101225,1,1,2,1,1,1,4,3,1,1,1,2,2,"1"
8101228,1,1,1,1,1,1,1,1,1,1,1,1,1,"3"
8101246,2,2,2,1,1,1,1,1,1,1,1,1,1,"4"
8101247,2,2,2,1,1,1,1,1,1,1,1,1,1,"4"
8101251,2,2,2,1,1,1,1,1,1,1,1,1,1,"4"
8101253,2,2,2,3,1,1,3,1,2,1,1,2,1,"1"
8101255,2,1,2,3,3,3,3,3,2,2,2,2,2,"2"
8102011,2,2,2,1,1,1,1,1,1,1,1,1,1,"4"
8102013,2,2,1,1,1,1,1,1,1,1,1,1,1,"4"
8102021,2,2,2,1,1,1,1,1,1,1,1,1,1,"4"
8102022,2,2,2,1,1,3,3,1,1,1,2,2,1,"1"
8102023,2,2,2,1,1,1,1,1,1,1,1,1,1,"4"
8102024,2,2,2,1,1,1,1,1,1,1,1,1,1,"4"
8102025,2,2,2,1,1,1,1,1,1,1,1,1,1,"4"
8102032,2,2,1,1,1,1,1,1,1,1,1,1,1,"4"
8102035,2,2,2,1,1,3,3,1,1,1,2,2,1,"1"
8102043,2,2,2,1,1,1,1,1,1,1,1,1,1,"4"
8102045,2,2,2,1,1,1,1,1,1,1,1,1,1,"4"
8102052,1,1,2,1,1,1,1,1,1,1,1,1,1,"3"
8102063,2,2,1,-999,1,1,1,1,1,1,1,1,1,"4"
8102066,2,2,2,1,1,1,1,1,1,1,1,1,1,"4"
8102072,2,2,2,1,1,1,1,1,1,1,1,1,1,"4"
8102073,2,2,2,1,5,1,4,2,1,2,1,2,1,"1"
8102074,2,2,2,1,1,1,1,1,1,1,1,1,1,"4"
8102075,2,2,2,1,1,2,1,1,1,1,1,1,1,"4"
8102081,2,1,1,1,3,3,3,1,1,2,2,2,1,"1"
8102082,2,2,1,1,1,1,1,1,1,1,1,1,1,"4"
8102085,2,2,2,4,1,1,4,4,2,1,1,2,2,"1"
8102086,2,2,2,4,1,1,1,1,2,1,1,1,1,"4"
8102093,1,1,1,1,1,1,1,1,1,1,1,1,1,"3"
8102101,2,2,2,1,1,1,1,1,1,1,1,1,1,"4"
8102102,2,2,2,1,1,1,1,1,1,1,1,1,1,"4"
8102115,1,2,1,1,1,1,1,1,1,1,1,1,1,"4"
8103014,2,2,1,2,1,1,1,1,1,1,1,1,1,"4"
8103033,2,1,1,1,1,1,1,1,1,1,1,1,1,"3"
8103034,1,2,2,2,1,1,2,1,1,1,1,1,1,"4"
8103035,1,2,2,1,3,1,3,1,1,2,1,2,1,"1"
8103036,2,2,1,1,1,1,1,1,1,1,1,1,1,"4"
8103038,2,2,1,1,1,1,1,1,1,1,1,1,1,"4"
8103043,2,1,1,1,1,1,1,1,1,1,1,1,1,"3"
8103045,2,2,2,1,1,1,1,1,1,1,1,1,1,"4"
8103052,2,1,1,1,1,1,1,1,1,1,1,1,1,"3"
8103053,2,2,2,3,1,1,5,4,2,1,1,2,2,"1"
8103055,2,2,2,1,1,1,1,1,1,1,1,1,1,"4"
8103058,2,2,2,1,1,1,1,1,1,1,1,1,1,"4"
8103074,1,1,2,1,1,1,1,1,1,1,1,1,1,"3"
8103075,2,2,1,1,1,1,1,1,1,1,1,1,1,"4"
8103076,2,1,1,1,1,1,1,1,1,1,1,1,1,"3"
8103081,1,2,2,1,1,1,1,1,1,1,1,1,1,"4"
8103083,1,2,2,1,3,1,3,1,1,2,1,2,1,"1"
8103084,2,1,1,1,1,1,1,1,1,1,1,1,1,"3"
8103085,2,2,2,1,1,1,1,1,1,1,1,1,1,"4"
8103088,2,2,2,1,1,1,1,1,1,1,1,1,1,"4"
8103091,1,2,2,1,1,1,1,1,1,1,1,1,1,"4"
8103092,2,2,2,1,1,1,3,4,1,1,1,2,2,"1"
8103094,2,2,2,4,3,3,1,1,2,2,2,1,1,"2"
8103095,2,2,2,1,1,1,3,1,1,1,1,2,1,"1"
8103096,2,2,2,1,3,1,2,1,1,2,1,1,1,"4"
8105013,2,1,2,1,1,3,3,1,1,1,2,2,1,"1"
8105015,2,2,2,1,1,1,1,1,1,1,1,1,1,"4"
8106013,2,2,2,1,2,1,1,1,1,1,1,1,1,"4"
8106014,2,2,2,3,3,2,4,1,2,2,1,2,1,"1"
8106015,2,2,2,1,1,1,1,1,1,1,1,1,1,"4"
8106024,1,2,1,1,1,1,1,1,1,1,1,1,1,"4"
8106025,2,2,1,1,1,1,1,1,1,1,1,1,1,"4"
8106032,2,2,1,1,1,1,1,1,1,1,1,1,1,"4"
8106034,2,1,1,1,1,1,1,1,1,1,1,1,1,"3"
8106036,2,2,2,1,1,1,1,1,1,1,1,1,1,"4"
8106045,2,2,2,1,1,1,1,1,1,1,1,1,1,"4"
8106051,2,2,2,1,1,1,1,1,1,1,1,1,1,"4"
8106053,2,1,1,1,1,1,1,1,1,1,1,1,1,"3"
8106055,2,2,2,1,1,1,1,1,1,1,1,1,1,"4"
8106065,2,2,2,3,1,1,1,1,2,1,1,1,1,"4"
8107025,2,2,2,1,1,1,1,1,1,1,1,1,1,"4"
8107031,2,2,2,3,1,1,1,1,2,1,1,1,1,"4"
8107035,2,2,1,3,1,1,1,1,2,1,1,1,1,"4"
8107041,2,2,1,1,1,1,1,1,1,1,1,1,1,"4"
8107042,2,2,2,1,1,3,3,1,1,1,2,2,1,"1"
8108013,1,2,2,1,1,1,1,1,1,1,1,1,1,"4"
8108022,1,1,1,1,1,1,2,3,1,1,1,1,2,"3"
8108023,2,2,2,1,1,1,1,1,1,1,1,1,1,"4"
8108026,2,2,2,1,1,1,1,1,1,1,1,1,1,"4"
8108034,2,2,2,1,1,1,1,1,1,1,1,1,1,"4"
8108041,1,1,1,1,3,1,1,1,1,2,1,1,1,"3"
8108043,2,2,1,1,1,1,1,1,1,1,1,1,1,"4"
8108045,1,2,1,1,1,1,1,1,1,1,1,1,1,"4"
8108052,1,1,2,1,1,1,1,1,1,1,1,1,1,"3"
8108053,2,2,2,1,1,1,1,1,1,1,1,1,1,"4"
8108054,1,1,1,1,1,1,3,1,1,1,1,2,1,"3"
8108055,1,1,1,1,1,1,1,1,1,1,1,1,1,"3"
8108056,1,1,2,3,1,1,1,1,2,1,1,1,1,"3"
8108062,1,1,1,1,1,1,1,1,1,1,1,1,1,"3"
8108064,2,2,1,1,1,1,1,1,1,1,1,1,1,"4"
8108071,2,2,1,1,1,1,1,1,1,1,1,1,1,"4"
8108072,2,2,2,1,1,1,1,1,1,1,1,1,1,"4"
8108081,2,2,2,1,1,1,1,1,1,1,1,1,1,"4"
8108094,2,2,2,1,1,1,1,1,1,1,1,1,1,"4"
8108095,2,2,2,2,2,1,1,1,1,1,1,1,1,"4"
8108097,2,2,2,3,1,2,1,1,2,1,1,1,1,"4"
8108101,2,2,2,1,1,1,3,1,1,1,1,2,1,"1"
8108121,2,2,2,1,1,1,1,1,1,1,1,1,1,"4"
8108127,1,2,2,1,1,1,2,3,1,1,1,1,2,"1"
8108131,2,2,1,1,1,1,1,1,1,1,1,1,1,"4"
8108132,2,2,2,1,1,1,2,1,1,1,1,1,1,"4"
8108133,1,1,2,1,1,1,1,1,1,1,1,1,1,"3"
8108135,1,1,1,3,3,2,4,1,2,2,1,2,1,"1"
8108141,2,2,2,1,1,1,1,1,1,1,1,1,1,"4"
8108145,1,1,1,1,1,1,1,1,1,1,1,1,1,"3"
8108147,1,2,1,1,1,1,2,1,1,1,1,1,1,"4"
8110011,2,2,2,1,1,1,1,1,1,1,1,1,1,"4"
8110014,2,2,2,1,1,1,3,1,1,1,1,2,1,"1"
8110022,2,1,1,1,1,1,1,1,1,1,1,1,1,"3"
8110025,2,2,2,1,1,1,1,1,1,1,1,1,1,"4"
8110032,2,2,2,1,1,1,1,1,1,1,1,1,1,"4"
8110033,2,1,2,1,1,1,3,1,1,1,1,2,1,"1"
8110041,1,1,1,1,1,1,1,1,1,1,1,1,1,"3"
8110042,2,2,2,3,1,1,2,3,2,1,1,1,2,"1"
8110043,1,2,2,1,1,1,1,1,1,1,1,1,1,"4"
8110044,1,2,2,3,2,1,2,1,2,1,1,1,1,"1"
8110051,2,2,1,1,1,1,1,1,1,1,1,1,1,"4"
8110061,2,2,1,2,1,1,2,1,1,1,1,1,1,"4"
8110063,2,2,1,1,1,1,1,1,1,1,1,1,1,"4"
8110071,2,2,2,1,1,1,1,1,1,1,1,1,1,"4"
8110072,2,2,1,1,1,1,1,1,1,1,1,1,1,"4"
8110073,2,2,2,1,1,1,1,1,1,1,1,1,1,"4"
8110081,2,2,2,3,1,1,1,1,2,1,1,1,1,"4"
8110083,2,2,2,1,1,1,1,1,1,1,1,1,1,"4"
8110084,1,1,2,3,3,2,5,1,2,2,1,2,1,"1"
8110091,2,2,1,1,1,1,1,1,1,1,1,1,1,"4"
8110094,2,2,2,1,1,1,1,1,1,1,1,1,1,"4"
8110102,2,2,2,1,1,1,1,1,1,1,1,1,1,"4"
8110104,2,2,2,2,2,1,3,1,1,1,1,2,1,"1"
8110105,2,2,2,1,1,1,1,1,1,1,1,1,1,"4"
8110111,2,2,2,1,1,1,1,1,1,1,1,1,1,"4"
8110112,2,2,2,1,1,1,1,1,1,1,1,1,1,"4"
8110114,2,1,1,2,1,3,1,1,1,1,2,1,1,"3"
8110115,2,2,2,1,1,1,1,1,1,1,1,1,1,"4"
8110121,2,2,2,1,4,3,5,4,1,2,2,2,2,"2"
8110124,2,2,2,1,5,3,4,3,1,2,2,2,2,"2"
8110125,2,1,2,1,1,2,1,1,1,1,1,1,1,"3"
8110132,2,1,2,3,3,1,4,1,2,2,1,2,1,"1"
8110145,2,2,1,1,1,1,1,1,1,1,1,1,1,"4"
8110155,2,2,2,1,2,1,1,2,1,1,1,1,1,"4"
8111011,2,2,1,1,1,1,1,1,1,1,1,1,1,"4"
8111014,2,2,1,1,1,1,1,1,1,1,1,1,1,"4"
8111023,2,2,2,4,3,1,1,1,2,2,1,1,1,"1"
8111025,2,2,2,1,1,1,1,1,1,1,1,1,1,"4"
8111033,1,1,2,1,2,1,3,2,1,1,1,2,1,"3"
8111035,2,2,2,1,1,1,1,1,1,1,1,1,1,"4"
8111042,2,2,2,1,1,3,3,1,1,1,2,2,1,"1"
8111044,1,1,1,1,1,1,3,1,1,1,1,2,1,"3"
8111045,2,2,1,1,1,3,1,1,1,1,2,1,1,"4"
8111051,2,1,2,1,1,1,1,1,1,1,1,1,1,"3"
8111053,1,1,1,1,1,1,1,1,1,1,1,1,1,"3"
8111054,2,2,2,1,1,2,2,1,1,1,1,1,1,"4"
8112011,2,2,2,1,1,1,1,1,1,1,1,1,1,"4"
8112013,2,2,1,1,1,1,1,1,1,1,1,1,1,"4"
8112014,1,2,2,1,1,1,1,1,1,1,1,1,1,"4"
8112015,2,2,2,1,1,1,1,1,1,1,1,1,1,"4"
8112033,2,2,2,1,1,1,1,1,1,1,1,1,1,"4"
8112034,2,2,2,1,1,1,3,1,1,1,1,2,1,"1"
8112042,2,2,2,1,1,2,1,1,1,1,1,1,1,"4"
8112044,2,2,2,1,1,1,1,1,1,1,1,1,1,"4"
8112045,2,1,2,1,1,1,1,1,1,1,1,1,1,"3"
8112046,2,2,2,1,1,1,4,1,1,1,1,2,1,"1"
8112051,2,2,2,4,3,3,5,4,2,2,2,2,2,"2"
8112054,2,2,1,1,1,1,1,1,1,1,1,1,1,"4"
8112061,1,2,1,3,3,1,2,1,2,2,1,1,1,"1"
8112065,2,2,2,1,3,1,5,1,1,2,1,2,1,"1"
8112074,2,2,2,1,1,1,3,1,1,1,1,2,1,"1"
8112075,2,2,2,1,1,1,3,1,1,1,1,2,1,"1"
8112083,2,1,1,1,1,1,1,1,1,1,1,1,1,"3"
8304023,2,2,2,1,1,1,1,1,1,1,1,1,1,"4"
8304032,2,2,1,1,1,1,1,1,1,1,1,1,1,"4"
8304041,2,2,1,2,1,1,1,1,1,1,1,1,1,"4"
8304043,2,2,1,1,2,1,2,1,1,1,1,1,1,"4"
8304051,2,2,1,1,1,1,1,1,1,1,1,1,1,"4"
8304062,2,2,1,1,1,1,1,1,1,1,1,1,1,"4"
8304081,2,2,1,1,1,1,1,1,1,1,1,1,1,"4"
8305011,2,2,2,1,1,1,1,1,1,1,1,1,1,"4"
8305022,2,2,1,1,1,1,1,1,1,1,1,1,1,"4"
8305023,2,2,1,1,1,1,1,1,1,1,1,1,1,"4"
8305032,1,1,1,-888,1,1,4,3,1,1,1,2,2,"3"
8305043,1,2,2,4,1,1,3,1,2,1,1,2,1,"1"
8305051,2,2,2,3,1,1,1,1,2,1,1,1,1,"4"
8305052,2,2,2,4,1,1,1,1,2,1,1,1,1,"4"
8305053,2,2,2,1,1,1,1,1,1,1,1,1,1,"4"
8305071,1,1,2,3,1,1,1,1,2,1,1,1,1,"3"
8305092,2,2,2,1,1,1,1,1,1,1,1,1,1,"4"
8305101,1,2,2,1,1,1,1,1,1,1,1,1,1,"4"
8305102,2,2,2,1,1,1,1,1,1,1,1,1,1,"4"
8305111,1,1,1,1,1,1,1,1,1,1,1,1,1,"3"
8310012,2,2,2,1,1,1,1,1,1,1,1,1,1,"4"
8310013,2,2,2,3,2,2,4,1,2,1,1,2,1,"1"
8310021,2,2,2,1,1,1,1,1,1,1,1,1,1,"4"
8310022,2,2,2,1,1,1,1,1,1,1,1,1,1,"4"
8310023,2,2,2,1,1,1,1,1,1,1,1,1,1,"4"
8404013,2,2,1,1,1,3,3,2,1,1,2,2,1,"1"
8404015,2,2,1,1,1,1,1,1,1,1,1,1,1,"4"
8404021,2,2,1,1,1,1,1,1,1,1,1,1,1,"4"
8404023,2,2,2,1,1,1,1,1,1,1,1,1,1,"4"
8404041,1,2,2,1,1,1,1,1,1,1,1,1,1,"4"
8404042,2,2,2,1,1,1,1,1,1,1,1,1,1,"4"
8404043,2,2,2,1,1,1,1,1,1,1,1,1,1,"4"
8404062,2,2,2,1,1,1,1,1,1,1,1,1,1,"4"
8404063,2,2,2,1,1,1,3,1,1,1,1,2,1,"1"
8404071,2,2,1,1,1,1,1,1,1,1,1,1,1,"4"
8404072,2,2,1,1,1,1,1,1,1,1,1,1,1,"4"
8404073,2,2,2,1,1,1,1,1,1,1,1,1,1,"4"
8404082,2,2,2,1,1,1,1,1,1,1,1,1,1,"4"
8404091,2,2,2,3,1,1,1,1,2,1,1,1,1,"4"
8404092,2,2,1,1,1,1,1,1,1,1,1,1,1,"4"
8404103,2,2,2,1,1,1,1,1,1,1,1,1,1,"4"
8413012,2,1,1,1,1,1,1,1,1,1,1,1,1,"3"
8413021,1,2,2,1,1,1,1,1,1,1,1,1,1,"4"
8413041,1,1,1,1,1,1,1,1,1,1,1,1,1,"3"
8413043,2,2,1,1,1,1,1,1,1,1,1,1,1,"4"
8413063,2,2,2,4,3,4,4,3,2,2,2,2,2,"2"
8413064,2,2,1,1,1,1,1,1,1,1,1,1,1,"4"
8413075,2,2,2,1,1,1,1,1,1,1,1,1,1,"4"
8413081,2,2,2,3,3,1,1,1,2,2,1,1,1,"1"
8413093,2,2,1,1,1,1,1,1,1,1,1,1,1,"4"
8413111,1,2,2,1,1,1,1,1,1,1,1,1,1,"4"
8413113,1,1,1,3,1,1,1,1,2,1,1,1,1,"3"
9101011,2,1,2,1,1,1,1,1,1,1,1,1,1,"3"
9101013,2,2,1,1,1,1,1,1,1,1,1,1,1,"4"
9101031,2,1,1,3,1,1,1,1,2,1,1,1,1,"3"
9101033,2,2,2,1,1,1,1,1,1,1,1,1,1,"4"
9101041,2,1,2,3,1,3,4,1,2,1,2,2,1,"1"
9101051,2,1,1,3,1,1,1,1,2,1,1,1,1,"3"
9101053,2,2,1,2,1,1,1,1,1,1,1,1,1,"4"
9101062,2,2,1,1,1,1,1,1,1,1,1,1,1,"4"
9101063,2,2,1,1,2,1,1,1,1,1,1,1,1,"4"
9101071,1,2,2,3,2,4,2,1,2,1,2,1,1,"1"
9101093,2,2,2,1,1,1,1,1,1,1,1,1,1,"4"
9101101,2,2,1,1,1,1,1,1,1,1,1,1,1,"4"
9101102,2,2,2,1,1,1,1,1,1,1,1,1,1,"4"
9101112,2,2,2,1,1,1,1,1,1,1,1,1,1,"4"
9101113,2,1,1,1,1,1,2,2,1,1,1,1,1,"3"
9101141,2,2,1,2,3,1,3,1,1,2,1,2,1,"1"
9101152,2,2,2,3,1,1,1,1,2,1,1,1,1,"4"
9101161,2,2,2,1,1,1,1,1,1,1,1,1,1,"4"
9101162,2,2,1,1,1,1,1,1,1,1,1,1,1,"4"
9101163,1,1,2,1,1,1,1,1,1,1,1,1,1,"3"
9101172,2,2,2,1,1,1,1,1,1,1,1,1,1,"4"
9101173,2,1,1,2,1,1,1,1,1,1,1,1,1,"3"
9101181,2,2,2,2,1,1,1,1,1,1,1,1,1,"4"
9101182,2,2,2,3,4,1,1,1,2,2,1,1,1,"1"
9101183,2,2,2,2,1,2,4,1,1,1,1,2,1,"1"
9101192,2,2,1,1,1,1,1,1,1,1,1,1,1,"4"
9101193,2,2,2,1,3,1,2,1,1,2,1,1,1,"4"
9101202,2,2,2,5,1,1,1,1,2,1,1,1,1,"4"
9101222,2,1,1,2,1,1,1,1,1,1,1,1,1,"3"
9101223,1,2,2,1,1,1,1,1,1,1,1,1,1,"4"
9102013,2,2,1,1,1,1,1,1,1,1,1,1,1,"4"
9102032,2,1,2,3,1,1,3,1,2,1,1,2,1,"1"
9102041,2,2,1,1,1,1,1,1,1,1,1,1,1,"4"
9102042,2,1,2,1,1,2,1,1,1,1,1,1,1,"3"
9102051,2,1,2,1,1,1,1,1,1,1,1,1,1,"3"
9102052,2,2,2,1,1,1,1,1,1,1,1,1,1,"4"
9102053,2,2,2,1,1,1,1,1,1,1,1,1,1,"4"
9102071,2,2,2,1,1,1,1,1,1,1,1,1,1,"4"
9102082,2,2,2,1,1,1,1,1,1,1,1,1,1,"4"
9102112,2,1,2,1,1,1,1,1,1,1,1,1,1,"3"
9108011,2,2,2,1,1,1,2,1,1,1,1,1,1,"4"
9108012,2,2,2,2,1,3,1,1,1,1,2,1,1,"4"
9108013,2,2,2,1,1,1,1,1,1,1,1,1,1,"4"
9108031,2,1,2,2,1,2,3,1,1,1,1,2,1,"1"
9108033,2,2,1,1,1,1,1,1,1,1,1,1,1,"4"
9108041,1,1,2,2,1,1,1,1,1,1,1,1,1,"3"
9108042,2,2,1,1,1,1,1,1,1,1,1,1,1,"4"
9108043,2,2,1,1,1,1,1,1,1,1,1,1,1,"4"
9108063,1,1,1,1,1,1,1,1,1,1,1,1,1,"3"
9108073,2,2,1,1,1,1,1,1,1,1,1,1,1,"4"
9108082,2,2,1,1,1,1,1,1,1,1,1,1,1,"4"
9108083,2,2,1,1,1,1,3,1,1,1,1,2,1,"1"
9108092,2,2,1,1,1,1,1,1,1,1,1,1,1,"4"
9108101,2,2,2,4,1,1,1,1,2,1,1,1,1,"4"
9108102,2,2,2,1,1,1,1,1,1,1,1,1,1,"4"
9108111,2,2,2,1,1,1,1,1,1,1,1,1,1,"4"
9109022,2,2,1,1,1,1,2,1,1,1,1,1,1,"4"
9109031,2,2,1,1,1,1,1,1,1,1,1,1,1,"4"
9109032,2,2,2,2,1,1,1,1,1,1,1,1,1,"4"
9109033,2,2,1,1,1,1,1,1,1,1,1,1,1,"4"
9109041,2,2,1,1,1,1,1,1,1,1,1,1,1,"4"
9109042,1,2,2,1,3,1,1,1,1,2,1,1,1,"1"
9109043,2,2,1,1,1,1,1,1,1,1,1,1,1,"4"
9109053,2,2,2,2,1,1,1,1,1,1,1,1,1,"4"
9109061,2,2,2,1,1,1,1,1,1,1,1,1,1,"4"
9109063,2,2,2,1,1,1,1,1,1,1,1,1,1,"4"
9109072,2,1,2,1,1,1,1,1,1,1,1,1,1,"3"
9109083,1,1,2,1,1,1,1,1,1,1,1,1,1,"3"
9109091,2,2,1,1,1,1,1,1,1,1,1,1,1,"4"
9109111,2,2,1,1,1,1,1,1,1,1,1,1,1,"4"
9109112,2,2,2,1,1,1,1,1,1,1,1,1,1,"4"
9109113,2,1,1,3,1,1,1,1,2,1,1,1,1,"3"
9111011,2,1,1,1,1,1,1,1,1,1,1,1,1,"3"
9111021,2,2,2,1,1,1,1,1,1,1,1,1,1,"4"
9111023,2,2,2,1,1,1,1,1,1,1,1,1,1,"4"
9111032,2,2,2,3,3,1,1,1,2,2,1,1,1,"1"
9111033,2,2,1,1,1,1,1,1,1,1,1,1,1,"4"
9111041,1,1,1,1,2,1,1,1,1,1,1,1,1,"3"
9111042,2,2,1,1,1,1,1,1,1,1,1,1,1,"4"
9111061,1,1,1,1,1,1,1,1,1,1,1,1,1,"3"
9111062,2,2,1,2,1,1,1,1,1,1,1,1,1,"4"
9111063,1,2,1,1,1,1,1,1,1,1,1,1,1,"4"
9111071,2,2,1,2,1,1,1,1,1,1,1,1,1,"4"
9111072,1,2,1,1,1,1,1,1,1,1,1,1,1,"4"
9111073,1,2,1,1,1,1,1,1,1,1,1,1,1,"4"
9111091,2,2,2,1,1,1,1,1,1,1,1,1,1,"4"
9111093,2,2,2,1,1,1,1,1,1,1,1,1,1,"4"
9112013,2,2,2,1,1,1,1,1,1,1,1,1,1,"4"
9112021,2,2,2,1,1,1,1,1,1,1,1,1,1,"4"
9112043,2,2,2,1,4,1,1,1,1,2,1,1,1,"4"
9201022,2,2,2,1,1,1,1,1,1,1,1,1,1,"4"
9201042,2,2,1,1,2,1,1,1,1,1,1,1,1,"4"
9201043,2,2,2,3,1,1,1,1,2,1,1,1,1,"4"
9201081,2,2,1,1,1,1,1,1,1,1,1,1,1,"4"
9201102,2,2,2,1,1,1,1,1,1,1,1,1,1,"4"
9201103,2,2,2,1,1,1,1,1,1,1,1,1,1,"4"
9201112,2,2,2,1,1,1,1,1,1,1,1,1,1,"4"
9201123,2,2,1,1,1,1,1,1,1,1,1,1,1,"4"
9201132,2,2,2,1,1,1,1,1,1,1,1,1,1,"4"
9201141,2,2,2,5,1,1,1,1,2,1,1,1,1,"4"
9201161,2,2,2,1,1,1,1,1,1,1,1,1,1,"4"
9201163,2,2,2,1,1,1,1,1,1,1,1,1,1,"4"
9201172,2,2,1,1,1,1,1,1,1,1,1,1,1,"4"
9201173,2,1,2,1,1,1,1,1,1,1,1,1,1,"3"
9201181,1,2,1,1,1,1,1,2,1,1,1,1,1,"4"
9201182,2,1,2,1,1,1,1,1,1,1,1,1,1,"3"
9201183,1,1,2,1,1,1,1,1,1,1,1,1,1,"3"
9201193,2,2,1,1,1,1,1,1,1,1,1,1,1,"4"
9201203,2,1,1,1,1,1,1,1,1,1,1,1,1,"3"
9201211,2,2,2,1,2,1,1,1,1,1,1,1,1,"4"
9201212,2,2,2,1,3,3,1,1,1,2,2,1,1,"1"
9201213,2,2,1,1,2,1,1,1,1,1,1,1,1,"4"
9201223,2,2,1,1,1,1,1,1,1,1,1,1,1,"4"
9201231,2,2,1,1,1,1,1,1,1,1,1,1,1,"4"
9201242,1,2,2,1,1,1,1,1,1,1,1,1,1,"4"
9201252,1,2,1,1,2,1,1,1,1,1,1,1,1,"4"
10101012,2,2,2,1,1,1,1,1,1,1,1,1,1,"4"
10101022,2,2,2,1,1,1,1,1,1,1,1,1,1,"4"
10101032,2,2,1,1,1,1,1,1,1,1,1,1,1,"4"
10101033,1,1,1,1,1,1,1,1,1,1,1,1,1,"3"
10101043,2,1,2,2,1,1,1,1,1,1,1,1,1,"3"
10101061,2,1,2,1,1,1,2,1,1,1,1,1,1,"3"
10101063,1,2,2,3,1,1,3,1,2,1,1,2,1,"1"
10101073,1,2,1,1,1,1,1,1,1,1,1,1,1,"4"
10101082,2,2,2,1,3,1,3,1,1,2,1,2,1,"1"
10101091,1,1,1,1,1,1,1,1,1,1,1,1,1,"3"
10101092,1,1,1,1,1,1,1,1,1,1,1,1,1,"3"
10101093,2,2,2,2,3,1,3,1,1,2,1,2,1,"1"
10101101,1,1,1,3,1,3,3,1,2,1,2,2,1,"1"
10101103,1,1,2,3,1,1,2,1,2,1,1,1,1,"3"
10101121,2,1,2,1,1,1,1,1,1,1,1,1,1,"3"
10101141,1,2,2,4,3,1,1,1,2,2,1,1,1,"1"
10101143,2,2,2,1,1,1,3,1,1,1,1,2,1,"1"
10101152,1,1,2,1,1,1,2,1,1,1,1,1,1,"3"
10101153,1,1,2,1,1,1,1,2,1,1,1,1,1,"3"
10101163,2,2,2,3,1,1,3,1,2,1,1,2,1,"1"
10101171,2,1,1,1,1,1,1,1,1,1,1,1,1,"3"
10101181,1,1,1,1,1,1,1,1,1,1,1,1,1,"3"
10101183,1,1,1,1,1,1,1,1,1,1,1,1,1,"3"
10101192,2,1,1,1,1,1,1,1,1,1,1,1,1,"3"
10101193,1,2,1,1,1,1,1,1,1,1,1,1,1,"4"
10101201,2,2,2,1,1,1,1,2,1,1,1,1,1,"4"
10101202,2,2,2,1,1,3,1,1,1,1,2,1,1,"4"
10101211,2,2,2,1,1,1,1,1,1,1,1,1,1,"4"
10101223,2,1,2,5,1,1,1,1,2,1,1,1,1,"1"
10101231,2,2,1,1,1,1,1,1,1,1,1,1,1,"4"
10109022,2,2,2,1,1,1,1,1,1,1,1,1,1,"4"
10109032,1,2,2,1,1,1,1,1,1,1,1,1,1,"4"
10109033,1,1,2,1,1,1,1,1,1,1,1,1,1,"3"
11201013,2,2,2,1,1,1,1,1,1,1,1,1,1,"4"
11201031,1,2,2,1,1,1,2,1,1,1,1,1,1,"4"
11201053,2,2,2,1,1,3,1,1,1,1,2,1,1,"4"
11201063,1,1,2,1,1,1,1,1,1,1,1,1,1,"3"
11201081,1,1,2,1,4,1,2,3,1,2,1,1,2,"1"
11201091,2,2,2,1,3,1,3,1,1,2,1,2,1,"1"
11201092,2,2,1,4,1,1,1,2,2,1,1,1,1,"4"
11201102,2,2,2,1,1,1,2,2,1,1,1,1,1,"4"
11201111,2,2,2,1,1,1,1,1,1,1,1,1,1,"4"
13101025,2,2,2,1,1,1,2,1,1,1,1,1,1,"4"
13101044,2,2,2,1,1,1,1,1,1,1,1,1,1,"4"
13101053,2,2,2,2,2,1,1,1,1,1,1,1,1,"4"
13101066,1,1,1,2,1,1,1,1,1,1,1,1,1,"3"
13101094,1,2,2,3,3,3,4,2,2,2,2,2,1,"2"
13101102,2,1,2,2,1,1,1,1,1,1,1,1,1,"3"
13101103,1,2,2,3,4,3,5,4,2,2,2,2,2,"2"
13101105,1,2,2,1,1,1,2,1,1,1,1,1,1,"4"
13101107,1,2,2,2,1,1,1,1,1,1,1,1,1,"4"
13101108,1,2,2,3,3,2,3,1,2,2,1,2,1,"1"
13101116,2,1,2,3,5,5,5,4,2,2,2,2,2,"2"
13101117,1,2,2,2,4,1,1,1,1,2,1,1,1,"1"
13101119,2,2,2,4,1,5,5,4,2,1,2,2,2,"1"
13101122,1,2,2,1,1,1,1,1,1,1,1,1,1,"4"
13101126,1,2,2,2,1,1,5,4,1,1,1,2,2,"1"
13101134,2,2,2,2,1,1,3,2,1,1,1,2,1,"1"
13101135,2,2,2,4,4,4,5,3,2,2,2,2,2,"2"
13101151,2,2,2,2,3,3,3,2,1,2,2,2,1,"2"
13101157,2,2,2,2,1,2,1,1,1,1,1,1,1,"4"
13102014,1,1,1,1,1,1,1,1,1,1,1,1,1,"3"
13102017,2,2,2,4,4,3,3,2,2,2,2,2,1,"2"
13102023,2,2,2,3,3,3,4,1,2,2,2,2,1,"2"
13102025,1,1,2,1,1,1,1,1,1,1,1,1,1,"3"
13102033,2,1,2,1,1,1,3,3,1,1,1,2,2,"1"
13102035,2,1,1,1,1,1,1,1,1,1,1,1,1,"3"
13102038,2,2,2,1,1,1,1,1,1,1,1,1,1,"4"
13103015,1,1,1,1,1,1,1,1,1,1,1,1,1,"3"
13103041,2,2,2,3,3,1,1,4,2,2,1,1,2,"2"
13103043,1,2,2,1,1,1,1,1,1,1,1,1,1,"4"
13103045,2,2,2,3,1,3,1,2,2,1,2,1,1,"1"
13104012,2,2,2,1,1,1,1,1,1,1,1,1,1,"4"
13104013,1,2,2,1,1,1,1,1,1,1,1,1,1,"4"
13104014,2,1,1,1,2,1,1,1,1,1,1,1,1,"3"
13104023,2,2,2,4,2,1,4,2,2,1,1,2,1,"1"
13104024,2,2,2,3,1,1,1,1,2,1,1,1,1,"4"
13104031,2,1,2,1,1,1,1,1,1,1,1,1,1,"3"
13104032,2,1,2,1,1,1,1,1,1,1,1,1,1,"3"
13104033,1,1,2,3,1,1,2,3,2,1,1,1,2,"1"
13104043,2,2,1,1,1,1,1,1,1,1,1,1,1,"4"
13105013,2,2,2,1,1,2,4,2,1,1,1,2,1,"1"
13105015,2,2,2,1,1,1,1,1,1,1,1,1,1,"4"
13105016,2,2,2,3,1,1,3,1,2,1,1,2,1,"1"
13105023,1,2,2,1,1,1,1,1,1,1,1,1,1,"4"
13105026,2,1,2,1,1,1,1,2,1,1,1,1,1,"3"
13105031,2,2,2,1,2,2,4,2,1,1,1,2,1,"1"
13105033,2,2,2,1,1,1,1,1,1,1,1,1,1,"4"
13105037,1,1,2,1,1,1,1,1,1,1,1,1,1,"3"
13105042,2,2,2,1,3,1,3,1,1,2,1,2,1,"1"
13105044,1,2,1,1,1,1,1,1,1,1,1,1,1,"4"
13105045,2,2,2,1,1,1,1,1,1,1,1,1,1,"4"
13106014,2,2,2,1,1,1,1,1,1,1,1,1,1,"4"
13106015,2,2,1,1,1,1,1,1,1,1,1,1,1,"4"
13106018,2,2,1,1,1,1,1,1,1,1,1,1,1,"4"
13106023,1,2,1,1,1,1,1,1,1,1,1,1,1,"4"
13106024,2,1,1,1,1,1,1,1,1,1,1,1,1,"3"
13106027,2,1,2,1,1,1,1,1,1,1,1,1,1,"3"
13106028,2,2,2,1,1,1,1,1,1,1,1,1,1,"4"
13106033,1,1,1,1,1,1,2,1,1,1,1,1,1,"3"
13106046,2,2,2,1,1,1,1,1,1,1,1,1,1,"4"
13106049,2,2,2,1,2,1,4,1,1,1,1,2,1,"1"
13107013,1,2,1,1,1,1,1,1,1,1,1,1,1,"4"
13107015,1,2,2,1,1,1,1,1,1,1,1,1,1,"4"
13107017,2,2,2,1,1,1,1,1,1,1,1,1,1,"4"
13107023,2,2,2,1,1,1,1,1,1,1,1,1,1,"4"
13107033,1,2,2,3,3,2,2,1,2,2,1,1,1,"1"
13107035,2,2,2,1,1,1,1,1,1,1,1,1,1,"4"
13107036,2,1,2,1,1,1,1,1,1,1,1,1,1,"3"
13108012,1,1,1,1,1,1,1,1,1,1,1,1,1,"3"
13108013,1,2,1,3,1,3,1,1,2,1,2,1,1,"1"
13108021,2,2,2,1,1,1,1,1,1,1,1,1,1,"4"
13108031,1,2,2,1,1,1,4,2,1,1,1,2,1,"1"
13109011,2,2,2,3,3,1,3,1,2,2,1,2,1,"1"
13109013,1,2,2,1,1,1,1,1,1,1,1,1,1,"4"
13109017,1,2,2,3,3,3,1,1,2,2,2,1,1,"2"
13109022,2,2,2,1,1,1,2,2,1,1,1,1,1,"4"
13109034,1,1,2,1,1,1,1,1,1,1,1,1,1,"3"
13110011,2,2,1,1,1,1,1,1,1,1,1,1,1,"4"
13110014,2,2,2,1,1,1,1,1,1,1,1,1,1,"4"
13110015,1,1,1,1,1,1,1,1,1,1,1,1,1,"3"
13110016,2,2,2,1,1,1,1,1,1,1,1,1,1,"4"
13110023,2,2,2,1,4,1,1,1,1,2,1,1,1,"4"
13110053,1,2,1,1,1,1,1,1,1,1,1,1,1,"4"
13110057,2,2,2,1,1,1,1,1,1,1,1,1,1,"4"
13110061,1,1,1,1,1,1,1,1,1,1,1,1,1,"3"
13110065,2,2,2,1,1,1,1,1,1,1,1,1,1,"4"
13110071,2,2,2,1,2,1,1,1,1,1,1,1,1,"4"
13110073,1,2,2,1,1,1,1,1,1,1,1,1,1,"4"
13110074,2,1,1,1,1,1,1,1,1,1,1,1,1,"3"
13110092,2,2,2,1,1,1,1,1,1,1,1,1,1,"4"
13110093,2,2,2,1,1,1,1,1,1,1,1,1,1,"4"
13110094,2,2,2,1,1,1,1,1,1,1,1,1,1,"4"
13110101,1,1,2,4,4,3,4,3,2,2,2,2,2,"2"
13110103,2,1,1,1,1,1,1,1,1,1,1,1,1,"3"
13110104,1,2,2,1,1,1,3,1,1,1,1,2,1,"1"
13110106,2,2,2,1,1,1,2,1,1,1,1,1,1,"4"
13110111,1,1,1,1,1,1,1,1,1,1,1,1,1,"3"
13110116,2,2,2,2,2,1,4,1,1,1,1,2,1,"1"
13111013,2,2,2,1,1,1,1,2,1,1,1,1,1,"4"
13111015,2,2,2,1,1,1,1,1,1,1,1,1,1,"4"
13111021,2,2,2,1,1,1,1,1,1,1,1,1,1,"4"
13111022,2,2,1,1,1,1,4,3,1,1,1,2,2,"1"
13111024,2,1,1,1,1,1,1,1,1,1,1,1,1,"3"
13111034,2,2,2,1,1,1,1,1,1,1,1,1,1,"4"
13111036,2,2,2,1,1,1,1,1,1,1,1,1,1,"4"
13112011,1,1,2,1,1,1,4,4,1,1,1,2,2,"1"
13112021,1,2,2,1,1,1,1,1,1,1,1,1,1,"4"
13112022,2,2,2,1,1,1,1,1,1,1,1,1,1,"4"
13112023,1,2,1,1,1,1,1,1,1,1,1,1,1,"4"
13112024,2,2,2,1,1,1,1,1,1,1,1,1,1,"4"
13112032,2,2,2,1,1,1,1,1,1,1,1,1,1,"4"
13112033,1,1,1,1,1,1,1,1,1,1,1,1,1,"3"
13112034,2,2,2,1,1,1,1,1,1,1,1,1,1,"4"
13112035,2,2,1,1,1,1,1,1,1,1,1,1,1,"4"
13112037,2,2,2,4,4,3,2,1,2,2,2,1,1,"2"
13112041,2,2,2,1,1,1,1,1,1,1,1,1,1,"4"
13112042,1,2,2,2,1,3,1,1,1,1,2,1,1,"1"
13112044,2,2,2,1,1,1,1,1,1,1,1,1,1,"4"
13112046,1,1,2,3,2,1,1,1,2,1,1,1,1,"3"
13112053,2,2,2,1,1,1,1,1,1,1,1,1,1,"4"
13112054,2,1,2,1,2,1,1,1,1,1,1,1,1,"3"
13112062,2,2,2,1,1,1,1,1,1,1,1,1,1,"4"
13112063,1,2,2,1,1,1,1,1,1,1,1,1,1,"4"
13112065,1,1,1,1,1,1,2,2,1,1,1,1,1,"3"
13113011,2,1,2,1,1,1,1,1,1,1,1,1,1,"3"
13113013,2,2,2,2,1,1,1,1,1,1,1,1,1,"4"
13113015,2,2,2,3,3,3,4,1,2,2,2,2,1,"2"
13113034,1,1,2,1,1,4,3,1,1,1,2,2,1,"1"
13114021,2,2,2,1,1,1,2,1,1,1,1,1,1,"4"
13114042,2,2,2,1,1,1,3,1,1,1,1,2,1,"1"
13114044,2,2,1,1,1,1,1,1,1,1,1,1,1,"4"
13114051,2,2,2,1,1,1,1,1,1,1,1,1,1,"4"
13114061,2,2,2,3,2,2,4,3,2,1,1,2,2,"1"
13115033,2,2,2,1,4,1,1,1,1,2,1,1,1,"4"
13116013,1,1,2,1,1,2,1,1,1,1,1,1,1,"3"
13116015,2,2,2,1,1,1,1,1,1,1,1,1,1,"4"
13116018,1,1,1,1,1,1,1,1,1,1,1,1,1,"3"
13116021,2,2,1,1,1,1,1,1,1,1,1,1,1,"4"
13116024,1,1,1,1,1,1,1,1,1,1,1,1,1,"3"
13116025,1,1,2,1,1,1,1,1,1,1,1,1,1,"3"
13116031,2,2,2,1,1,1,1,1,1,1,1,1,1,"4"
13117012,2,1,1,1,1,1,1,1,1,1,1,1,1,"3"
13117013,1,2,2,3,1,2,3,1,2,1,1,2,1,"1"
13117022,1,1,2,1,1,1,1,1,1,1,1,1,1,"3"
13117031,2,2,2,1,1,1,1,1,1,1,1,1,1,"4"
13118011,2,2,2,1,1,1,1,1,1,1,1,1,1,"4"
13118022,2,1,2,1,1,1,1,1,1,1,1,1,1,"3"
13118023,2,2,1,1,1,1,1,1,1,1,1,1,1,"4"
13118026,1,1,2,1,1,1,2,1,1,1,1,1,1,"3"
13118032,2,2,2,1,1,1,1,1,1,1,1,1,1,"4"
13118033,2,2,2,1,1,1,1,1,1,1,1,1,1,"4"
13118034,2,2,2,1,1,1,1,1,1,1,1,1,1,"4"
13118042,2,2,2,1,1,1,1,1,1,1,1,1,1,"4"
13118043,2,2,1,1,1,1,1,1,1,1,1,1,1,"4"
13119013,2,2,2,1,2,1,1,1,1,1,1,1,1,"4"
13119017,2,2,2,1,1,1,1,1,1,1,1,1,1,"4"
13119027,2,2,2,1,3,2,2,3,1,2,1,1,2,"1"
13119028,1,1,1,1,1,1,1,1,1,1,1,1,1,"3"
13119041,1,1,2,1,1,1,1,1,1,1,1,1,1,"3"
13119042,2,2,2,1,1,1,1,1,1,1,1,1,1,"4"
13119043,2,2,2,1,1,1,1,1,1,1,1,1,1,"4"
13119053,1,1,1,1,1,1,1,1,1,1,1,1,1,"3"
13119066,1,1,2,1,1,1,1,1,1,1,1,1,1,"3"
13119071,2,2,2,3,3,4,3,1,2,2,2,2,1,"2"
13119084,2,2,2,4,3,3,3,3,2,2,2,2,2,"2"
13119093,1,1,1,1,2,1,1,1,1,1,1,1,1,"3"
13119101,2,2,2,1,1,1,1,1,1,1,1,1,1,"4"
13119105,1,2,1,1,1,1,1,1,1,1,1,1,1,"4"
13119107,1,1,1,1,1,1,1,1,1,1,1,1,1,"3"
13119111,2,2,1,2,1,1,1,3,1,1,1,1,2,"4"
13119113,2,2,2,1,1,1,1,1,1,1,1,1,1,"4"
13119114,2,2,2,1,1,1,1,1,1,1,1,1,1,"4"
13119115,2,2,2,1,1,1,1,1,1,1,1,1,1,"4"
13119117,1,1,2,2,1,1,4,1,1,1,1,2,1,"3"
13119136,1,2,2,4,4,4,5,1,2,2,2,2,1,"2"
13119141,2,2,2,1,1,1,1,2,1,1,1,1,1,"4"
13119145,2,1,2,3,2,1,4,1,2,1,1,2,1,"1"
13119146,2,2,2,1,2,1,1,1,1,1,1,1,1,"4"
13119153,1,1,2,2,4,4,5,4,1,2,2,2,2,"1"
13119156,1,2,2,1,1,1,3,3,1,1,1,2,2,"1"
13119161,2,2,2,1,3,3,3,1,1,2,2,2,1,"2"
13120013,1,1,2,5,5,5,5,3,2,2,2,2,2,"2"
13120022,2,2,2,2,1,1,1,1,1,1,1,1,1,"4"
13120024,2,2,2,2,2,1,2,1,1,1,1,1,1,"4"
13120041,2,2,2,1,1,1,1,1,1,1,1,1,1,"4"
13120042,2,2,1,1,1,1,1,1,1,1,1,1,1,"4"
13120073,2,2,2,1,2,3,4,3,1,1,2,2,2,"1"
13120074,2,2,1,1,1,1,1,1,1,1,1,1,1,"4"
13120075,2,1,1,1,1,1,1,1,1,1,1,1,1,"3"
13120077,2,2,1,3,3,2,3,1,2,2,1,2,1,"1"
13121022,1,2,2,1,1,1,1,1,1,1,1,1,1,"4"
13121024,1,1,2,1,1,1,1,1,1,1,1,1,1,"3"
13121025,2,1,1,1,1,1,5,1,1,1,1,2,1,"3"
13121026,2,1,2,1,1,1,1,1,1,1,1,1,1,"3"
13121027,2,2,2,1,1,1,1,2,1,1,1,1,1,"4"
13121034,2,2,2,1,1,1,1,1,1,1,1,1,1,"4"
13121036,1,1,2,1,1,1,1,1,1,1,1,1,1,"3"
13121037,2,2,2,1,1,1,1,1,1,1,1,1,1,"4"
13122016,2,2,1,1,1,1,1,1,1,1,1,1,1,"4"
13122017,2,1,1,1,1,1,3,1,1,1,1,2,1,"3"
13122025,1,2,2,1,1,1,2,1,1,1,1,1,1,"4"
13122041,2,2,2,2,1,1,3,3,1,1,1,2,2,"1"
13122044,2,2,2,1,1,1,1,1,1,1,1,1,1,"4"
13122046,2,2,1,1,1,1,1,1,1,1,1,1,1,"4"
13122051,2,2,2,3,3,1,3,3,2,2,1,2,2,"2"
13122052,1,1,1,1,1,1,1,1,1,1,1,1,1,"3"
13122065,2,2,2,1,1,1,1,1,1,1,1,1,1,"4"
13122066,2,2,2,1,1,1,2,1,1,1,1,1,1,"4"
13122071,1,2,2,1,3,2,2,1,1,2,1,1,1,"1"
13122073,1,1,2,1,1,1,5,1,1,1,1,2,1,"3"
13123014,2,2,2,1,1,1,3,1,1,1,1,2,1,"1"
13123026,2,2,2,1,1,2,2,4,1,1,1,1,2,"1"
13123028,2,2,2,4,2,2,3,1,2,1,1,2,1,"1"
13123031,2,2,2,1,1,1,4,1,1,1,1,2,1,"1"
13123039,2,2,2,1,1,1,2,1,1,1,1,1,1,"4"
13123044,2,2,2,2,1,1,1,2,1,1,1,1,1,"4"
13123053,2,2,2,2,2,1,1,1,1,1,1,1,1,"4"
13123056,2,2,2,2,1,1,1,1,1,1,1,1,1,"4"
13123066,2,2,2,5,4,4,5,3,2,2,2,2,2,"2"
13123075,1,1,2,1,3,3,5,4,1,2,2,2,2,"1"
13123078,1,2,2,1,1,1,1,1,1,1,1,1,1,"4"
13124014,1,1,1,1,1,1,1,1,1,1,1,1,1,"3"
13124025,2,2,2,1,1,1,1,1,1,1,1,1,1,"4"
13124026,2,2,1,1,1,1,1,1,1,1,1,1,1,"4"
13124027,2,1,2,1,1,1,1,1,1,1,1,1,1,"3"
13124033,2,2,2,1,1,1,1,1,1,1,1,1,1,"4"
13124035,1,2,2,1,1,1,1,1,1,1,1,1,1,"4"
13124045,2,2,2,1,1,1,1,1,1,1,1,1,1,"4"
13124054,2,2,2,1,1,1,1,1,1,1,1,1,1,"4"
13124057,1,1,1,1,1,1,1,1,1,1,1,1,1,"3"
13124066,2,2,2,2,1,1,1,1,1,1,1,1,1,"4"
13124071,1,2,2,1,1,1,1,1,1,1,1,1,1,"4"
13124072,2,2,2,1,1,1,1,1,1,1,1,1,1,"4"
13125024,2,2,1,1,1,1,1,1,1,1,1,1,1,"4"
13125025,2,2,2,1,1,1,1,1,1,1,1,1,1,"4"
13125041,1,1,2,1,1,1,1,1,1,1,1,1,1,"3"
13125046,2,2,1,1,1,1,1,1,1,1,1,1,1,"4"
13125052,2,2,2,1,3,2,1,1,1,2,1,1,1,"4"
13125063,2,2,2,1,1,1,1,1,1,1,1,1,1,"4"
13126023,2,2,1,3,1,2,1,1,2,1,1,1,1,"4"
13126025,2,2,2,1,1,1,1,1,1,1,1,1,1,"4"
13127023,2,2,2,1,1,1,1,1,1,1,1,1,1,"4"
13127032,1,1,1,1,1,1,1,1,1,1,1,1,1,"3"
13127033,2,1,1,1,1,1,1,1,1,1,1,1,1,"3"
13127034,2,2,2,1,1,1,1,1,1,1,1,1,1,"4"
13127035,1,1,2,1,1,1,1,1,1,1,1,1,1,"3"
13127042,1,2,1,1,1,1,1,1,1,1,1,1,1,"4"
13127053,2,2,1,1,2,1,1,1,1,1,1,1,1,"4"
13128013,2,1,2,1,1,1,1,1,1,1,1,1,1,"3"
13128014,1,1,1,1,1,1,2,1,1,1,1,1,1,"3"
13128016,2,2,2,1,1,1,1,1,1,1,1,1,1,"4"
13128024,1,2,2,1,1,1,1,1,1,1,1,1,1,"4"
13128041,1,2,2,1,1,1,3,2,1,1,1,2,1,"1"
13128053,2,2,1,1,1,1,1,1,1,1,1,1,1,"4"
13128055,2,1,2,3,1,1,1,1,2,1,1,1,1,"1"
13129014,2,1,1,1,1,1,1,1,1,1,1,1,1,"3"
13129016,2,2,2,1,1,1,3,4,1,1,1,2,2,"1"
13129024,2,2,2,1,1,1,1,1,1,1,1,1,1,"4"
13129032,2,2,2,1,1,1,1,1,1,1,1,1,1,"4"
13130012,2,1,1,1,1,1,1,1,1,1,1,1,1,"3"
13130014,2,2,2,1,1,1,1,1,1,1,1,1,1,"4"
13130016,2,2,2,1,3,1,5,1,1,2,1,2,1,"1"
13130018,2,2,2,3,1,4,3,1,2,1,2,2,1,"1"
13130021,2,2,2,1,1,2,5,1,1,1,1,2,1,"1"
13130022,2,2,2,1,1,1,1,1,1,1,1,1,1,"4"
13130025,2,2,2,5,5,4,4,1,2,2,2,2,1,"2"
13131013,2,2,2,4,1,4,4,1,2,1,2,2,1,"1"
13131016,2,2,2,1,1,1,1,1,1,1,1,1,1,"4"
13131018,2,2,2,1,1,1,1,1,1,1,1,1,1,"4"
13131021,2,2,2,2,3,3,4,5,1,2,2,2,2,"2"
13131023,2,2,2,1,1,1,2,1,1,1,1,1,1,"4"
13131025,1,2,2,3,1,1,3,1,2,1,1,2,1,"1"
13131033,2,2,2,1,1,2,1,1,1,1,1,1,1,"4"
13131038,2,2,2,1,1,1,1,1,1,1,1,1,1,"4"
13132015,2,2,2,1,1,1,1,1,1,1,1,1,1,"4"
13201011,2,1,2,1,1,1,4,1,1,1,1,2,1,"1"
13201013,2,2,1,1,1,1,1,1,1,1,1,1,1,"4"
13201017,2,2,2,3,1,1,1,1,2,1,1,1,1,"4"
13201025,2,2,2,2,1,1,1,1,1,1,1,1,1,"4"
13201037,2,2,1,1,1,1,1,1,1,1,1,1,1,"4"
13201044,2,2,2,1,1,1,1,1,1,1,1,1,1,"4"
13201046,2,1,1,1,1,1,1,1,1,1,1,1,1,"3"
13201047,2,2,2,3,1,1,1,1,2,1,1,1,1,"4"
13201051,2,1,1,1,1,1,1,1,1,1,1,1,1,"3"
13201061,2,2,2,2,1,3,4,1,1,1,2,2,1,"1"
13201062,1,1,2,1,1,1,2,2,1,1,1,1,1,"3"
13201063,2,1,2,1,1,1,1,1,1,1,1,1,1,"3"
13201071,2,2,2,1,1,1,1,1,1,1,1,1,1,"4"
13201074,2,2,2,1,1,1,1,1,1,1,1,1,1,"4"
13201081,2,1,1,1,1,1,1,1,1,1,1,1,1,"3"
13201082,1,2,2,1,1,1,1,1,1,1,1,1,1,"4"
13201085,2,2,2,3,3,1,4,3,2,2,1,2,2,"2"
13201096,2,1,1,1,1,1,1,1,1,1,1,1,1,"3"
13201104,1,1,2,1,1,1,1,1,1,1,1,1,1,"3"
13201115,1,2,2,1,1,1,2,1,1,1,1,1,1,"4"
13201122,2,2,2,1,1,1,3,1,1,1,1,2,1,"1"
13201125,2,2,2,1,1,1,1,1,1,1,1,1,1,"4"
13201126,2,2,1,1,1,1,1,1,1,1,1,1,1,"4"
13201132,2,2,1,1,1,1,1,1,1,1,1,1,1,"4"
13201134,2,2,2,1,1,1,3,1,1,1,1,2,1,"1"
13201135,1,1,1,1,1,1,1,1,1,1,1,1,1,"3"
13201146,2,1,1,3,1,1,1,1,2,1,1,1,1,"3"
13201155,2,2,1,1,1,1,1,1,1,1,1,1,1,"4"
13201165,1,1,1,3,3,1,4,2,2,2,1,2,1,"1"
13201166,1,1,2,1,1,1,1,1,1,1,1,1,1,"3"
13201174,1,2,2,1,1,1,1,1,1,1,1,1,1,"4"
13201175,2,1,1,1,1,1,4,1,1,1,1,2,1,"3"
13201177,2,2,1,1,1,1,1,1,1,1,1,1,1,"4"
13201182,1,2,2,3,3,1,3,1,2,2,1,2,1,"1"
13201185,2,2,2,1,1,2,1,1,1,1,1,1,1,"4"
13201187,2,2,2,1,1,1,1,1,1,1,1,1,1,"4"
13301013,2,2,2,1,1,1,1,1,1,1,1,1,1,"4"
13301021,1,1,1,1,1,1,1,1,1,1,1,1,1,"3"
13301023,2,2,2,1,1,1,2,1,1,1,1,1,1,"4"
13301033,2,2,2,1,1,1,1,1,1,1,1,1,1,"4"
13301041,2,2,1,3,1,1,1,1,2,1,1,1,1,"4"
13301071,2,2,1,1,1,1,1,1,1,1,1,1,1,"4"
13301091,1,2,2,1,1,1,4,3,1,1,1,2,2,"1"
13301092,2,2,1,1,1,1,1,1,1,1,1,1,1,"4"
13301093,2,2,2,4,3,3,1,3,2,2,2,1,2,"2"
13301102,1,1,1,1,1,1,1,1,1,1,1,1,1,"3"
13301112,2,2,2,1,1,1,1,1,1,1,1,1,1,"4"
13301132,2,2,2,1,1,1,4,5,1,1,1,2,2,"1"
13301141,2,1,2,1,1,3,1,1,1,1,2,1,1,"1"
13301146,2,2,1,1,1,1,1,1,1,1,1,1,1,"4"
13301152,1,1,2,1,1,1,2,3,1,1,1,1,2,"3"
13301153,1,1,2,3,2,1,2,3,2,1,1,1,2,"1"
13301161,2,2,1,1,1,1,1,1,1,1,1,1,1,"4"
13301183,1,2,2,1,2,1,1,1,1,1,1,1,1,"4"
13301213,2,2,2,2,2,1,1,1,1,1,1,1,1,"4"
13301222,2,1,2,1,1,1,1,1,1,1,1,1,1,"3"
13301241,2,2,2,1,1,1,1,1,1,1,1,1,1,"4"
13301242,2,2,1,1,1,1,1,1,1,1,1,1,1,"4"
13401032,2,2,2,3,1,4,5,1,2,1,2,2,1,"1"
13401043,2,2,2,1,1,1,1,1,1,1,1,1,1,"4"
13401044,2,1,1,1,1,1,1,1,1,1,1,1,1,"3"
13401046,2,2,2,1,1,1,1,1,1,1,1,1,1,"4"
13401047,1,1,1,1,1,1,1,1,1,1,1,1,1,"3"
13401051,2,2,2,3,1,1,1,1,2,1,1,1,1,"4"
13401052,1,1,2,1,1,1,1,1,1,1,1,1,1,"3"
13401053,1,1,1,1,1,1,1,1,1,1,1,1,1,"3"
13401072,1,2,2,2,1,1,2,1,1,1,1,1,1,"4"
13401074,2,2,2,1,1,1,1,1,1,1,1,1,1,"4"
13401075,1,1,1,1,1,1,1,1,1,1,1,1,1,"3"
13401083,2,2,2,1,1,1,3,1,1,1,1,2,1,"1"
13401086,2,2,2,1,1,1,1,1,1,1,1,1,1,"4"
13503011,2,2,2,1,1,1,2,1,1,1,1,1,1,"4"
13503014,2,2,2,1,1,1,1,1,1,1,1,1,1,"4"
13503031,2,2,1,1,1,1,1,1,1,1,1,1,1,"4"
13503032,2,2,2,1,1,1,1,1,1,1,1,1,1,"4"
13503053,1,1,2,1,1,1,1,1,1,1,1,1,1,"3"
13503055,1,1,2,1,1,1,3,3,1,1,1,2,2,"1"
13503061,1,2,1,1,1,1,1,1,1,1,1,1,1,"4"
13503064,2,2,2,1,1,1,1,1,1,1,1,1,1,"4"
13503073,1,2,2,1,1,1,1,1,1,1,1,1,1,"4"
13503075,1,2,2,3,1,1,5,5,2,1,1,2,2,"1"
13503081,1,2,2,3,3,2,2,1,2,2,1,1,1,"1"
13503082,2,2,2,1,1,1,1,1,1,1,1,1,1,"4"
13603014,2,2,1,1,1,1,1,1,1,1,1,1,1,"4"
13603016,1,2,2,1,1,1,1,1,1,1,1,1,1,"4"
13603026,2,2,1,1,1,1,1,1,1,1,1,1,1,"4"
13603032,2,2,2,1,1,1,1,1,1,1,1,1,1,"4"
13603042,2,2,2,1,1,2,1,1,1,1,1,1,1,"4"
13603044,2,2,2,1,1,1,1,1,1,1,1,1,1,"4"
13603051,2,2,2,2,2,1,3,3,1,1,1,2,2,"1"
13603052,2,2,2,1,1,1,1,1,1,1,1,1,1,"4"
13603053,1,2,2,3,1,2,4,1,2,1,1,2,1,"1"
13603063,2,2,1,3,1,1,1,1,2,1,1,1,1,"4"
13603065,1,2,2,1,1,1,1,1,1,1,1,1,1,"4"
13603073,2,2,1,1,1,1,1,1,1,1,1,1,1,"4"
13603081,2,2,2,1,1,1,3,1,1,1,1,2,1,"1"
13603093,1,2,2,1,1,2,4,3,1,1,1,2,2,"1"
13603102,2,2,2,1,1,1,1,1,1,1,1,1,1,"4"
13603104,2,2,2,1,1,1,1,1,1,1,1,1,1,"4"
13603116,1,2,2,1,1,1,2,1,1,1,1,1,1,"4"
13603141,2,2,2,3,2,1,4,1,2,1,1,2,1,"1"
13603155,2,2,2,4,3,1,2,1,2,2,1,1,1,"1"
13603163,2,2,2,1,1,1,1,1,1,1,1,1,1,"4"
13603212,2,2,2,1,1,1,1,1,1,1,1,1,1,"4"
13603221,2,2,1,1,1,1,2,1,1,1,1,1,1,"4"
13603222,2,2,2,1,1,1,1,1,1,1,1,1,1,"4"
13604012,2,2,2,1,1,1,2,1,1,1,1,1,1,"4"
13604014,2,2,2,1,1,1,1,1,1,1,1,1,1,"4"
13604022,2,2,2,1,1,1,2,1,1,1,1,1,1,"4"
13605012,1,2,2,1,1,1,1,1,1,1,1,1,1,"4"
13605044,2,2,2,1,1,1,2,1,1,1,1,1,1,"4"
13605045,2,2,2,1,1,1,1,1,1,1,1,1,1,"4"
13605051,2,2,2,1,1,1,1,1,1,1,1,1,1,"4"
13605052,2,2,2,1,1,1,1,1,1,1,1,1,1,"4"
13605064,2,2,2,1,1,1,1,1,1,1,1,1,1,"4"
13605065,2,2,2,1,1,1,3,3,1,1,1,2,2,"1"
13605071,1,1,2,1,1,1,1,1,1,1,1,1,1,"3"
13605072,2,2,2,4,2,1,3,1,2,1,1,2,1,"1"
13605081,1,2,1,1,1,1,1,1,1,1,1,1,1,"4"
13605083,2,2,1,1,1,1,1,1,1,1,1,1,1,"4"
13605085,2,1,1,1,1,1,1,1,1,1,1,1,1,"3"
13605101,1,2,2,2,3,1,5,3,1,2,1,2,2,"1"
13605104,2,2,2,1,1,1,1,1,1,1,1,1,1,"4"
13605111,1,1,1,1,1,1,1,1,1,1,1,1,1,"3"
13605121,2,2,2,1,1,1,1,1,1,1,1,1,1,"4"
13605123,2,1,2,1,1,1,1,1,1,1,1,1,1,"3"
13605142,2,1,1,1,1,1,1,1,1,1,1,1,1,"3"
13605151,2,2,2,1,1,1,3,1,1,1,1,2,1,"1"
13605152,2,1,2,1,1,1,1,1,1,1,1,1,1,"3"
13605161,1,1,1,1,1,1,1,1,1,1,1,1,1,"3"
13605164,2,2,2,1,1,1,2,2,1,1,1,1,1,"4"
13605174,2,2,2,1,1,1,1,1,1,1,1,1,1,"4"
13605176,1,1,2,1,1,3,3,3,1,1,2,2,2,"1"
13605181,2,2,2,3,3,3,2,1,2,2,2,1,1,"2"
13605191,2,2,2,1,1,1,1,1,1,1,1,1,1,"4"
13605205,2,1,1,1,1,1,1,1,1,1,1,1,1,"3"
13605222,2,2,2,1,1,1,1,1,1,1,1,1,1,"4"
13605223,2,2,2,1,1,1,1,1,1,1,1,1,1,"4"
13605231,2,2,2,1,1,1,2,3,1,1,1,1,2,"1"
13605232,2,2,1,1,1,1,1,1,1,1,1,1,1,"4"
13605243,2,2,2,1,1,1,1,1,1,1,1,1,1,"4"
13605244,2,2,2,1,1,1,1,1,1,1,1,1,1,"4"
14201012,1,2,2,1,1,1,2,1,1,1,1,1,1,"4"
14201023,2,2,2,2,1,4,5,3,1,1,2,2,2,"1"
14201031,2,2,2,1,1,1,1,1,1,1,1,1,1,"4"
14201032,2,2,1,1,1,1,1,1,1,1,1,1,1,"4"
14201033,2,2,2,2,1,1,1,2,1,1,1,1,1,"4"
14201051,2,2,2,1,1,1,1,1,1,1,1,1,1,"4"
14201052,2,2,1,1,1,1,1,1,1,1,1,1,1,"4"
14201062,2,2,2,1,1,1,1,1,1,1,1,1,1,"4"
14201071,2,2,2,2,1,1,1,1,1,1,1,1,1,"4"
14201072,1,2,1,1,1,1,1,1,1,1,1,1,1,"4"
14201081,2,2,1,1,1,1,1,1,1,1,1,1,1,"4"
14201091,2,2,1,1,1,1,1,1,1,1,1,1,1,"4"
14201092,2,1,1,1,1,1,1,1,1,1,1,1,1,"3"
14201103,2,2,1,1,1,1,1,1,1,1,1,1,1,"4"
14201111,2,2,1,1,1,1,1,1,1,1,1,1,1,"4"
14201112,1,1,1,1,1,1,1,1,1,1,1,1,1,"3"
14204011,2,2,1,1,1,1,1,1,1,1,1,1,1,"4"
14204012,2,2,2,1,1,1,1,1,1,1,1,1,1,"4"
14204021,1,2,2,1,1,1,1,1,1,1,1,1,1,"4"
14204022,2,2,2,1,1,1,1,1,1,1,1,1,1,"4"
14204031,1,2,2,1,1,1,1,1,1,1,1,1,1,"4"
14204033,1,1,1,1,1,1,3,1,1,1,1,2,1,"3"
14204042,2,2,1,1,1,1,1,1,1,1,1,1,1,"4"
14204051,2,2,2,1,1,1,1,1,1,1,1,1,1,"4"
14204061,2,2,1,1,1,1,1,1,1,1,1,1,1,"4"
14204062,2,2,2,1,1,1,1,1,1,1,1,1,1,"4"
14204091,2,1,2,1,1,1,2,1,1,1,1,1,1,"3"
14204093,2,2,2,1,1,1,1,1,1,1,1,1,1,"4"
14204103,2,2,2,1,1,1,1,1,1,1,1,1,1,"4"
14204111,2,2,2,1,1,1,1,1,1,1,1,1,1,"4"
14204113,2,2,2,1,1,1,1,1,1,1,1,1,1,"4"
131230210,2,1,1,1,1,1,1,1,1,1,1,1,1,"3"
131230214,2,2,2,2,1,2,3,1,1,1,1,2,1,"1"
